index,rdate,rid,hid,venue,track,going,course,class,distance,rfinishm,rm1,rm2,rm3,rm4,rm5,rm6,horsenum,jname,tname,exweight,bardraw,gear,rating,ratechg,horseweight,horseweightchg,besttime,age,priority,lastsix,rank,runpos,p1,p2,p3,p4,p5,p6,m1,m2,m3,m4,m5,m6,finishm,d1,d2,d3,d4,d5,d6,datediff,pricemoney,windist,win_t5,win,place_t5,place,ind_win,ind_pla
110386,2019-11-06,1,1,HV,TURF,GOOD,B,Class 4,1200,6925,2349,2229,2347,0,0,0,B010,Z Purton,R Gibson,133,9,B/H/XB/TT,58,-1,1136,+1,1.09.98,6,1,4/4/8/2/3/6,8,10-9-8,10,9,8,0,0,0,2457,2237,2322,0,0,0,7016,6.75,7.25,5.75,0,0,0,28,"HK$ 967,000",5-3/4,6.2,6.4,2.3,2.0,0,0
110387,2019-11-06,1,2,HV,TURF,GOOD,B,Class 4,1200,6925,2349,2229,2347,0,0,0,A251,A Sanna,C Fownes,129,4,P-/H/XB,54,-2,1192,+10,1.10.56,6,+1,9/9/3/6/4/8,6,6-6-6,6,6,6,0,0,0,2425,2229,2344,0,0,0,6998,4.75,4.75,4.5,0,0,0,122,"HK$ 967,000",4-1/2,19.0,19.0,5.5,5.4,0,0
110388,2019-11-06,1,3,HV,TURF,GOOD,B,Class 4,1200,6925,2349,2229,2347,0,0,0,C410,K C Leung,C S Shum,127,2,B1/TT1,52,,1179,,,4,1,,9,5-5-9,5,5,9,0,0,0,2417,2233,2376,0,0,0,7026,4.25,4.5,6.25,0,0,0,,"HK$ 967,000",6-1/4,24.0,18.0,5.7,4.9,0,0
110389,2019-11-06,1,4,HV,TURF,GOOD,B,Class 4,1200,6925,2349,2229,2347,0,0,0,V071,G van Niekerk,D J Whyte,127,7,B/XB,52,+1,1153,-4,1.09.71,8,+1,2/8/9/6/8/8,5,8-8-5,8,8,5,0,0,0,2449,2225,2315,0,0,0,6989,6.25,6.0,4.0,0,0,0,14,"HK$ 967,000",4,5.0,5.8,1.7,1.8,0,0
110390,2019-11-06,1,5,HV,TURF,GOOD,B,Class 4,1200,6925,2349,2229,2347,0,0,0,C469,,,,,,,,,,,,,,0,12-12-,12,12,,0,0,0,2509,2241,,0,0,0,,10.0,10.75,,0,0,0,14,"HK$ 967,000",,13.0,,4.3,0.0,0,0
110391,2019-11-06,1,6,HV,TURF,GOOD,B,Class 4,1200,6925,2349,2229,2347,0,0,0,C455,H W Lai,L Ho,125,12,H,50,-2,1155,+1,,4,1,11/9,7,11-10-7,11,10,7,0,0,0,2489,2229,2295,0,0,0,7013,8.75,8.75,5.5,0,0,0,21,"HK$ 967,000",5-1/2,99.0,99.0,22.0,26.0,0,0
110392,2019-11-06,1,7,HV,TURF,GOOD,B,Class 4,1200,6925,2349,2229,2347,0,0,0,B332,A Badel,A T Millard,125,8,B/TT,50,0,1195,-11,1.09.76,5,*2,5/3/8/10/10/7,4,1-1-4,1,1,4,0,0,0,2349,2229,2411,0,0,0,6989,2.25,1.5,4,0,0,0,21,"HK$ 967,000",4,9.1,11.0,2.9,3.5,0,0
110393,2019-11-06,1,8,HV,TURF,GOOD,B,Class 4,1200,6925,2349,2229,2347,0,0,0,C384,N Callan,Y S Tsui,124,6,B1,49,-2,1166,+8,,4,*2,11/9,11,7-7-11,7,7,11,0,0,0,2433,2237,2408,0,0,0,7078,5.25,5.75,9.5,0,0,0,46,"HK$ 967,000",9-1/2,13.0,13.0,3.6,3.7,0,0
110394,2019-11-06,1,9,HV,TURF,GOOD,B,Class 4,1200,6925,2349,2229,2347,0,0,0,B002,J Moreira,J Size,123,3,PC,48,0,1093,-7,1.09.84,6,2,6/6/9/2/1/5,2,4-4-2,4,4,2,0,0,0,2413,2225,2322,0,0,0,6960,4.0,3.75,2.25,0,0,0,21,"HK$ 967,000",2-1/4,7.6,6.3,2.5,2.1,0,1
110395,2019-11-06,1,10,HV,TURF,GOOD,B,Class 4,1200,6925,2349,2229,2347,0,0,0,C252,C Y Ho,F C Lor,123,5,B/XB/TT,48,-2,1106,-2,1.10.58,4,1,7/9/9/8/2/4,3,3-3-3,3,3,3,0,0,0,2393,2233,2357,0,0,0,6983,2.75,3.0,3.75,0,0,0,14,"HK$ 967,000",3-3/4,19.0,16.0,4.8,4.6,0,1
110396,2019-11-06,1,11,HV,TURF,GOOD,B,Class 4,1200,6925,2349,2229,2347,0,0,0,C004,U Rispoli,K H Ting,122,1,CP-/H-/B1,47,-2,1056,-6,,5,2,9/10/4/6/2/9,1,2-2-1,2,2,1,0,0,0,2385,2217,2323,0,0,0,6925,2.25,1.5,2.25,0,0,0,36,"HK$ 967,000",2-1/4,3.9,3.0,1.8,1.4,1,1
110397,2019-11-06,1,12,HV,TURF,GOOD,B,Class 4,1200,6925,2349,2229,2347,0,0,0,C110,K Teetan,P F Yiu,116,10,B-,41,-2,994,+11,,4,+2,9/3/6/10/14/7,10,9-11-10,9,11,10,0,0,0,2453,2269,2348,0,0,0,7070,6.5,9.0,9,0,0,0,126,"HK$ 967,000",9,15.0,15.0,4.7,4.2,0,0
110398,2019-11-06,2,1,HV,TURF,GOOD,B,Class 5,1650,10032,2758,2331,2479,2464,0,0,B239,Z Purton,A S Cruz,133,9,B/TT,40,+1,980,-19,1.39.76,4,+1,2/10/12/11/5/6,4,3-4-3-4,3,4,3,4,0,0,2782,2351,2475,2453,0,0,10061,1.5,2.75,2.5,1.75,0,0,14,"HK$ 725,000",1-3/4,3.5,3.0,1.8,1.5,0,0
110399,2019-11-06,2,2,HV,TURF,GOOD,B,Class 5,1650,10032,2758,2331,2479,2464,0,0,V400,J Moreira,A T Millard,133,11,B,40,0,1155,-8,1.40.31,6,*1,5/2/5/3/5/3,5,11-11-9-5,11,11,9,5,0,0,2906,2323,2435,2399,0,0,10063,9.25,8.75,6,2,0,0,25,"HK$ 725,000",2,7.4,8.3,2.3,2.4,0,0
110400,2019-11-06,2,3,HV,TURF,GOOD,B,Class 5,1650,10032,2758,2331,2479,2464,0,0,V207,M F Poon,L Ho,131,1,H/SR,38,+5,1177,+12,1.40.36,7,+1,1/12/4/9/11/7,3,4-3-4-3,4,3,4,3,0,0,2786,2335,2491,2436,0,0,10047,1.75,2.0,2.75,1,0,0,21,"HK$ 725,000",1,9.3,6.2,1.8,1.9,0,1
110401,2019-11-06,2,4,HV,TURF,GOOD,B,Class 5,1650,10032,2758,2331,2479,2464,0,0,B444,M L Yeung,T P Yung,131,7,B/TT,38,-5,1082,-1,,5,*1,11/11/12/14/9,12,10-10-11-12,10,10,11,12,0,0,2890,2335,2451,2519,0,0,10195,8.25,8.5,6.75,10.25,0,0,128,"HK$ 725,000",10-1/4,79.0,99.0,17.0,30.0,0,0
110402,2019-11-06,2,5,HV,TURF,GOOD,B,Class 5,1650,10032,2758,2331,2479,2464,0,0,C243,A Badel,R Gibson,131,4,B,38,-2,1114,-2,,4,+1,14/11/13/14/12,10,6-6-5-10,6,6,5,10,0,0,2818,2339,2475,2503,0,0,10135,3.75,4.25,4,6.5,0,0,31,"HK$ 725,000",6-1/2,33.0,47.0,8.9,12.0,0,0
110403,2019-11-06,2,6,HV,TURF,GOOD,B,Class 5,1650,10032,2758,2331,2479,2464,0,0,T022,C Y Ho,K W Lui,130,8,B/H/XB,37,0,962,+4,1.40.71,8,*1,3/4/6/2/7/2,6,8-8-8-6,8,8,8,6,0,0,2846,2339,2467,2413,0,0,10065,5.5,6.0,5.25,2,0,0,66,"HK$ 725,000",2,5.1,7.9,1.8,2.2,0,0
110404,2019-11-06,2,7,HV,TURF,GOOD,B,Class 5,1650,10032,2758,2331,2479,2464,0,0,B443,M Chadwick,P O'Sullivan,130,2,H-/B,37,-5,1055,+28,1.40.85,4,*1,7/13/11/12/7/13,11,5-5-6-11,5,5,6,11,0,0,2802,2355,2475,2504,0,0,10136,2.75,4.25,4,6.5,0,0,128,"HK$ 725,000",6-1/2,20.0,28.0,5.3,7.0,0,0
110405,2019-11-06,2,8,HV,TURF,GOOD,B,Class 5,1650,10032,2758,2331,2479,2464,0,0,B325,A Sanna,Y S Tsui,130,5,,37,-8,1026,0,,4,*1,11/14/14/11,9,9-9-10-9,9,9,10,9,0,0,2882,2327,2467,2438,0,0,10114,7.75,7.5,6.75,5,0,0,206,"HK$ 725,000",5,77.0,99.0,17.0,30.0,0,0
110406,2019-11-06,2,9,HV,TURF,GOOD,B,Class 5,1650,10032,2758,2331,2479,2464,0,0,V119,K H Chan,P F Yiu,128,10,B/TT,35,0,1128,+10,1.39.31,7,1,7/1/5/12/3/4,7,2-2-2-7,2,2,2,7,0,0,2766,2343,2479,2492,0,0,10079,0.5,1.25,1.25,3,0,0,21,"HK$ 725,000",3,13.0,8.2,3.6,3.5,0,0
110407,2019-11-06,2,10,HV,TURF,GOOD,B,Class 5,1650,10032,2758,2331,2479,2464,0,0,A044,K C Leung,K H Ting,127,3,H/TT,34,-1,1017,+7,1.40.34,7,+1,9/5/12/1/11/7,2,7-7-7-2,7,7,7,2,0,0,2830,2347,2471,2387,0,0,10035,4.5,5.5,5,HD,0,0,14,"HK$ 725,000",HD,9.7,7.8,3.5,2.1,0,1
110408,2019-11-06,2,11,HV,TURF,GOOD,B,Class 5,1650,10032,2758,2331,2479,2464,0,0,A235,K Teetan,W Y So,120,12,H/XB/TT,27,+5,1072,-3,1.39.68,5,1,1/11/8/7/11/5,1,12-12-12-1,12,12,12,1,0,0,2918,2331,2435,2348,0,0,10032,10.0,10.0,7.25,HD,0,0,14,"HK$ 725,000",HD,10.0,13.0,3.3,3.5,1,1
110409,2019-11-06,2,12,HV,TURF,GOOD,B,Class 5,1650,10032,2758,2331,2479,2464,0,0,B275,G van Niekerk,C W Chang,113,6,PC-/B2/TT,20,+5,1138,-5,1.43.19,4,+1,2/10/6/11/10/14,8,1-1-1-8,1,1,1,8,0,0,2758,2331,2479,2515,0,0,10083,0.5,1.25,1.25,3.25,0,0,10,"HK$ 725,000",3-1/4,9.0,12.0,3.2,3.9,0,0
110410,2019-11-06,3,1,HV,TURF,GOOD,B,Class 4,1200,7011,2363,2275,2374,0,0,0,T330,Z Purton,D J Hall,133,2,B,60,-1,1153,+12,1.09.74,7,+1,5/6/8/6/4/11,1,4-4-1,4,4,1,0,0,0,2387,2299,2326,0,0,0,7011,1.5,3.0,N,0,0,0,28,"HK$ 967,000",N,3.4,3.3,1.4,1.3,1,1
110411,2019-11-06,3,2,HV,TURF,GOOD,B,Class 4,1200,7011,2363,2275,2374,0,0,0,C047,M L Yeung,Y S Tsui,130,6,,57,0,1122,+19,,3,3,12,9,6-6-9,6,6,9,0,0,0,2411,2307,2432,0,0,0,7150,3.0,5.0,8.5,0,0,0,25,"HK$ 967,000",8-1/2,87.0,99.0,17.0,23.0,0,0
110412,2019-11-06,3,3,HV,TURF,GOOD,B,Class 4,1200,7011,2363,2275,2374,0,0,0,C156,H N Wong,C W Chang,130,11,B,57,0,1010,-14,1.11.69,3,1,9,11,8-9-11,8,9,11,0,0,0,2447,2295,2530,0,0,0,7272,5.25,6.5,16.25,0,0,0,28,"HK$ 967,000",16-1/4,99.0,99.0,21.0,34.0,0,0
110413,2019-11-06,3,4,HV,TURF,GOOD,B,Class 4,1200,7011,2363,2275,2374,0,0,0,C322,K H Chan,K L Man,126,7,,53,-2,1094,+3,1.10.74,4,2,8/8/14/11/12/12,10,2-3-10,2,3,10,0,0,0,2367,2311,2518,0,0,0,7196,N,2.5,11.5,0,0,0,21,"HK$ 967,000",11-1/2,27.0,28.0,5.5,6.2,0,0
110414,2019-11-06,3,5,HV,TURF,GOOD,B,Class 4,1200,7011,2363,2275,2374,0,0,0,C500,T H So,L Ho,125,5,H1/TT1,52,,1070,,,4,2,,8,10-11-8,10,11,8,0,0,0,2467,2291,2325,0,0,0,7083,6.5,7.5,4.5,0,0,0,,"HK$ 967,000",4-1/2,61.0,86.0,12.0,16.0,0,0
110415,2019-11-06,3,6,HV,TURF,GOOD,B,Class 4,1200,7011,2363,2275,2374,0,0,0,C216,B Shinn,T P Yung,125,8,B,52,-2,1136,-2,1.10.95,5,*2,11/8/9/9/11/8,6,3-1-6,3,1,6,0,0,0,2367,2271,2427,0,0,0,7065,N,1.5,3.25,0,0,0,25,"HK$ 967,000",3-1/4,9.5,6.5,2.4,2.0,0,0
110416,2019-11-06,3,7,HV,TURF,GOOD,B,Class 4,1200,7011,2363,2275,2374,0,0,0,T076,K C Leung,K H Ting,125,3,B/TT,52,-1,1086,+1,1.10.00,9,1,5/7/11/12/6/2,5,5-5-5,5,5,5,0,0,0,2387,2319,2358,0,0,0,7064,1.5,4.25,3.25,0,0,0,14,"HK$ 967,000",3-1/4,10.0,12.0,2.2,2.7,0,0
110417,2019-11-06,3,8,HV,TURF,GOOD,B,Class 4,1200,7011,2363,2275,2374,0,0,0,C352,A Badel,C H Yip,120,9,,47,-2,1079,+1,1.10.32,5,+1,7/7/12,4,9-10-4,9,10,4,0,0,0,2455,2287,2297,0,0,0,7039,5.75,6.5,1.75,0,0,0,42,"HK$ 967,000",1-3/4,15.0,11.0,4.1,3.0,0,0
110418,2019-11-06,3,9,HV,TURF,GOOD,B,Class 4,1200,7011,2363,2275,2374,0,0,0,C239,M Chadwick,P O'Sullivan,119,1,XB,46,+1,1193,0,1.11.38,4,1,2/8/7/9/10,3,1-2-3,1,2,3,0,0,0,2363,2299,2367,0,0,0,7029,N,1.5,1,0,0,0,21,"HK$ 967,000",1,3.3,4.0,1.5,1.6,0,1
110419,2019-11-06,3,10,HV,TURF,GOOD,B,Class 4,1200,7011,2363,2275,2374,0,0,0,B274,A Sanna,C Fownes,118,10,SR-/TT1,45,-1,1107,+8,1.10.12,5,*2,9/5/4/4/4/9,7,11-8-7,11,8,7,0,0,0,2475,2259,2345,0,0,0,7079,7,6.0,4.25,0,0,0,21,"HK$ 967,000",4-1/4,14.0,14.0,3.5,3.9,0,0
110420,2019-11-06,3,11,HV,TURF,GOOD,B,Class 4,1200,7011,2363,2275,2374,0,0,0,A296,K Teetan,W Y So,117,4,B/E/TT,44,-2,1105,-24,1.10.09,6,+1,4/4/3/11/6/8,2,7-7-2,7,7,2,0,0,0,2415,2307,2294,0,0,0,7016,3.25,5.25,N,0,0,0,17,"HK$ 967,000",N,4.8,4.5,1.8,1.8,0,1
110421,2019-11-06,3,12,HV,TURF,GOOD,B,Class 4,1200,7011,2363,2275,2374,0,0,0,C005,,,,,,,,,,,,,,0,--,,,,0,0,0,,,,0,0,0,,,,,0,0,0,28,"HK$ 967,000",,,,0.0,0.0,0,0
110422,2019-11-06,4,1,HV,TURF,GOOD,B,Class 4,1650,10058,2805,2501,2376,2376,0,0,V279,J Moreira,Y S Tsui,133,8,B,60,0,1179,+9,1.39.37,7,*1,8/6/6/7/3/7,11,2-3-5-11,2,3,5,11,0,0,2821,2501,2384,2431,0,0,10137,1,1,1.5,5,0,0,21,"HK$ 967,000",5,6.4,5.8,3.0,2.0,0,0
110423,2019-11-06,4,2,HV,TURF,GOOD,B,Class 4,1650,10058,2805,2501,2376,2376,0,0,V379,R Bayliss,P O'Sullivan,131,4,B,58,-1,1172,+13,1.40.26,7,*1,7/3/8/8/10/5,8,8-7-6-8,8,7,6,8,0,0,2897,2465,2356,2394,0,0,10112,5.75,3.5,2.25,3.5,0,0,25,"HK$ 967,000",3-1/2,19.0,16.0,5.3,5.0,0,0
110424,2019-11-06,4,3,HV,TURF,GOOD,B,Class 4,1650,10058,2805,2501,2376,2376,0,0,C164,C Y Ho,C H Yip,131,2,TT,58,-2,1058,-6,,5,+1,10/12/9/14/13/10,7,5-6-7-7,5,6,7,7,0,0,2845,2501,2372,2390,0,0,10108,2.5,2.5,2.25,3.25,0,0,14,"HK$ 967,000",3-1/4,7.4,10.0,3.0,4.1,0,0
110425,2019-11-06,4,4,HV,TURF,GOOD,B,Class 4,1650,10058,2805,2501,2376,2376,0,0,B406,Z Purton,W Y So,130,12,TT,57,0,1043,+13,1.39.40,4,+1,3/9/8/12/5/4,2,11-10-11-2,11,10,11,2,0,0,2917,2477,2364,2320,0,0,10078,7,5.5,4.75,1.25,0,0,28,"HK$ 967,000",1-1/4,6.2,5.1,2.4,2.1,0,1
110426,2019-11-06,4,5,HV,TURF,GOOD,B,Class 4,1650,10058,2805,2501,2376,2376,0,0,T093,N Callan,D E Ferraris,129,1,,56,0,1132,-4,1.39.36,8,+1,2/12/6/8/5/5,1,3-4-4-1,3,4,4,1,0,0,2833,2501,2368,2356,0,0,10058,1.75,1.75,1.25,1.25,0,0,21,"HK$ 967,000",1-1/4,6.1,5.8,1.8,1.9,1,1
110427,2019-11-06,4,6,HV,TURF,GOOD,B,Class 4,1650,10058,2805,2501,2376,2376,0,0,A247,K C Leung,R Gibson,126,11,H/P/TT,53,-2,1092,+10,1.39.89,5,1,11/5/5/7/1/7,9,4-1-1-9,4,1,1,9,0,0,2845,2461,2376,2433,0,0,10115,2.5,SH,SH,3.5,0,0,21,"HK$ 967,000",3-1/2,20.0,14.0,6.4,3.5,0,0
110428,2019-11-06,4,7,HV,TURF,GOOD,B,Class 4,1650,10058,2805,2501,2376,2376,0,0,V037,G van Niekerk,A T Millard,124,10,V/TT,51,0,1078,+8,1.40.20,7,+1,5/3/5/4/6/7,3,12-12-10-3,12,12,10,3,0,0,2917,2477,2348,2338,0,0,10079,7,5.5,3.75,1.5,0,0,28,"HK$ 967,000",1-1/2,9.9,9.7,2.3,3.1,0,1
110429,2019-11-06,4,8,HV,TURF,GOOD,B,Class 4,1650,10058,2805,2501,2376,2376,0,0,C170,M Chadwick,C S Shum,123,3,B/TT,50,-2,1065,+10,,4,1,10/8,10,1-2-2-10,1,2,2,10,0,0,2805,2501,2376,2433,0,0,10115,1,SH,SH,3.5,0,0,14,"HK$ 967,000",3-1/2,48.0,57.0,10.0,15.0,0,0
110430,2019-11-06,4,9,HV,TURF,GOOD,B,Class 4,1650,10058,2805,2501,2376,2376,0,0,C109,U Rispoli,J Size,122,9,H,49,0,1018,-15,,4,1,6/2/2/6/3/4,4,9-9-9-4,9,9,9,4,0,0,2901,2469,2368,2342,0,0,10079,6,4,3.5,1.5,0,0,14,"HK$ 967,000",1-1/2,7.3,8.4,2.8,2.8,0,0
110431,2019-11-06,4,10,HV,TURF,GOOD,B,Class 4,1650,10058,2805,2501,2376,2376,0,0,C279,M L Yeung,T P Yung,120,7,H,47,-2,1143,+23,,4,+1,12/11/10,12,10-11-12-12,10,11,12,12,0,0,2913,2481,2388,2511,0,0,10293,6.75,5.5,6.25,14.75,0,0,25,"HK$ 967,000",14-3/4,99.0,99.0,21.0,36.0,0,0
110432,2019-11-06,4,11,HV,TURF,GOOD,B,Class 4,1650,10058,2805,2501,2376,2376,0,0,B006,K Teetan,K W Lui,119,6,B/TT,46,-1,1097,-6,1.39.77,6,+1,10/7/2/6/1/6,5,7-8-8-5,7,8,8,5,0,0,2869,2497,2364,2369,0,0,10099,4,3.75,3,2.5,0,0,151,"HK$ 967,000",2-1/2,7.7,8.5,2.7,2.7,0,0
110433,2019-11-06,4,12,HV,TURF,GOOD,B,Class 4,1650,10058,2805,2501,2376,2376,0,0,V341,A Badel,A S Cruz,116,5,V/TT,43,-2,1147,+2,1.40.28,7,*1,8/7/5/2/3/9,6,6-5-3-6,6,5,3,6,0,0,2865,2469,2360,2409,0,0,10103,3.75,1.75,0.75,2.75,0,0,21,"HK$ 967,000",2-3/4,9.9,11.0,2.6,3.4,0,0
110434,2019-11-06,5,1,HV,TURF,GOOD,B,Class 4,1800,10920,1371,2254,2363,2459,2473,0,C163,Z Purton,F C Lor,133,5,H,60,-2,1030,-22,1.49.85,5,1,8/3/9/10/9/6,7,4-5-5-4-7,4,5,5,4,7,0,1387,2322,2407,2395,2438,0,10949,1,5.25,8,4,1.75,0,21,"HK$ 967,000",1-3/4,6.2,7.7,2.7,2.3,0,0
110435,2019-11-06,5,2,HV,TURF,GOOD,B,Class 4,1800,10920,1371,2254,2363,2459,2473,0,A137,H N Wong,Y S Tsui,129,11,,56,-1,1111,+16,,7,1,5/5/2/5/9/4,5,2-1-1-1-5,2,1,1,1,5,0,1371,2254,2363,2459,2493,0,10940,SH,1.25,2,1,1.25,0,7,"HK$ 967,000",1-1/4,18.0,15.0,5.4,4.7,0,0
110436,2019-11-06,5,3,HV,TURF,GOOD,B,Class 4,1800,10920,1371,2254,2363,2459,2473,0,A333,K Teetan,C S Shum,128,1,B/TT,55,-1,1106,+4,1.49.75,6,+1,6/11/6/1/2/5,6,7-6-6-5-6,7,6,6,5,6,0,1411,2310,2403,2395,2427,0,10946,2.5,6,8.5,4.5,1.75,0,21,"HK$ 967,000",1-3/4,16.0,16.0,4.3,3.8,0,0
110437,2019-11-06,5,4,HV,TURF,GOOD,B,Class 4,1800,10920,1371,2254,2363,2459,2473,0,B373,M L Yeung,A S Cruz,125,7,H/TT,52,-1,1071,+6,,4,1,4/8/9,12,5-2-2-6-12,5,2,2,6,12,0,1387,2258,2375,2519,2700,0,11239,1,1.25,2,5.75,20,0,14,"HK$ 967,000",20,12.0,16.0,4.6,5.3,0,0
110438,2019-11-06,5,5,HV,TURF,GOOD,B,Class 4,1800,10920,1371,2254,2363,2459,2473,0,C319,T H So,L Ho,124,8,CP-/B2,51,-3,1202,+2,,4,1,10/14/14/12/13/13,11,8-12-12-12-11,8,12,12,12,11,0,1415,2390,2399,2423,2476,0,11103,2.75,11.25,13.5,11.25,11.5,0,7,"HK$ 967,000",11-1/2,99.0,99.0,24.0,23.0,0,0
110439,2019-11-06,5,6,HV,TURF,GOOD,B,Class 4,1800,10920,1371,2254,2363,2459,2473,0,B460,N Callan,C Fownes,123,3,H/P,50,-1,1131,+8,,4,1,3/5/7/10/3/1,4,3-4-4-3-4,3,4,4,3,4,0,1383,2306,2415,2391,2443,0,10938,0.75,4,7.25,3,1,0,21,"HK$ 967,000",1,9.9,6.2,2.2,2.3,0,0
110440,2019-11-06,5,7,HV,TURF,GOOD,B,Class 4,1800,10920,1371,2254,2363,2459,2473,0,A065,A Badel,D E Ferraris,123,9,,50,0,1053,-2,1.49.69,6,1,8/2/10/6/8/6,9,12-11-10-10-9,12,11,10,10,9,0,1459,2334,2387,2391,2403,0,10974,5.5,10.5,12,7.75,3.25,0,21,"HK$ 967,000",3-1/4,10.0,10.0,3.3,2.8,0,0
110441,2019-11-06,5,8,HV,TURF,GOOD,B,Class 4,1800,10920,1371,2254,2363,2459,2473,0,C085,K C Leung,P O'Sullivan,120,4,B,47,-2,1104,+8,,4,+1,10/10/9,10,6-7-7-7-10,6,7,7,7,10,0,1407,2330,2403,2403,2535,0,11078,2.25,7,9.5,6,9.75,0,28,"HK$ 967,000",9-3/4,99.0,99.0,23.0,32.0,0,0
110442,2019-11-06,5,9,HV,TURF,GOOD,B,Class 4,1800,10920,1371,2254,2363,2459,2473,0,B326,L Hewitson,F C Lor,119,12,TT,46,-1,1023,0,1.49.34,5,2,4/5/9/9/9/8,3,11-10-11-11-3,11,10,11,11,3,0,1455,2338,2391,2387,2367,0,10938,5.25,10.5,12.25,7.75,1,0,21,"HK$ 967,000",1,18.0,17.0,4.8,4.5,0,1
110443,2019-11-06,5,10,HV,TURF,GOOD,B,Class 4,1800,10920,1371,2254,2363,2459,2473,0,A118,J Moreira,C W Chang,118,2,H,45,+2,1096,-23,1.49.10,6,1,2/3/8/9/4/4,1,10-8-8-8-1,10,8,8,8,1,0,1435,2326,2395,2391,2373,0,10920,4,8.5,10.5,6.25,N,0,21,"HK$ 967,000",N,2.8,2.9,1.4,1.4,1,1
110444,2019-11-06,5,11,HV,TURF,GOOD,B,Class 4,1800,10920,1371,2254,2363,2459,2473,0,V039,C Y Ho,C H Yip,116,10,B2,43,0,1026,+19,1.49.35,7,1,3/5/12/8/10/8,8,9-9-9-9-8,9,9,9,9,8,0,1431,2334,2399,2387,2406,0,10957,3.75,8.75,11,6.5,2.25,0,21,"HK$ 967,000",2-1/4,8.6,12.0,2.5,3.5,0,0
110445,2019-11-06,5,12,HV,TURF,GOOD,B,Class 4,1800,10920,1371,2254,2363,2459,2473,0,B436,M Chadwick,K W Lui,114,6,H/XB,41,-1,1049,+9,,4,*1,4/3/6/9/2/6,2,1-3-3-2-2,1,3,3,2,2,0,1371,2278,2371,2443,2462,0,10925,SH,1.5,2,1,N,0,28,"HK$ 967,000",N,8.3,6.5,1.9,2.0,0,1
110446,2019-11-06,6,1,HV,TURF,GOOD,B,Class 4,1200,7014,2382,2312,2320,0,0,0,B013,Z Purton,K H Ting,133,1,TT,60,0,1034,+11,1.09.77,6,3,4/4/2/6/3/9,2,5-5-2,5,5,2,0,0,0,2426,2308,2289,0,0,0,7023,2.75,2.5,0.5,0,0,0,21,"HK$ 967,000",1/2,2.2,2.8,1.3,1.4,0,1
110447,2019-11-06,6,2,HV,TURF,GOOD,B,Class 4,1200,7014,2382,2312,2320,0,0,0,B185,C Y Ho,D J Hall,129,3,CP-,56,0,1089,+19,1.11.43,5,+2,3/2/4/5/5/1,11,11-11-11,11,11,11,0,0,0,2522,2288,2301,0,0,0,7111,8.75,7.25,6,0,0,0,157,"HK$ 967,000",6,9.6,12.0,2.3,3.1,0,0
110448,2019-11-06,6,3,HV,TURF,GOOD,B,Class 4,1200,7014,2382,2312,2320,0,0,0,C326,J Moreira,J Moore,128,12,B,55,+1,1135,+28,1.09.87,4,1,2/5/8/4/12/7,5,8-8-5,8,8,5,0,0,0,2474,2300,2278,0,0,0,7052,5.75,5,2.25,0,0,0,14,"HK$ 967,000",2-1/4,8.4,7.3,2.7,2.4,0,0
110449,2019-11-06,6,4,HV,TURF,GOOD,B,Class 4,1200,7014,2382,2312,2320,0,0,0,A294,A Badel,A T Millard,127,7,B-,54,-2,1204,+6,1.09.66,6,*1,9/4/6/6/3/8,9,9-9-9,9,9,9,0,0,0,2474,2300,2302,0,0,0,7076,5.75,5,3.75,0,0,0,25,"HK$ 967,000",3-3/4,8.2,4.9,2.5,1.6,0,0
110450,2019-11-06,6,5,HV,TURF,GOOD,B,Class 4,1200,7014,2382,2312,2320,0,0,0,C452,B Shinn,J Size,125,6,E1/TT1,52,,1074,,,4,1,,12,7-7-12,7,7,12,0,0,0,2446,2308,2396,0,0,0,7150,4,3.75,8.5,0,0,0,,"HK$ 967,000",8-1/2,37.0,29.0,8.1,8.3,0,0
110451,2019-11-06,6,6,HV,TURF,GOOD,B,Class 4,1200,7014,2382,2312,2320,0,0,0,C341,K Teetan,C H Yip,124,9,TT1,51,-1,1175,+1,,4,*2,10/5,3,2-2-3,2,2,3,0,0,0,2386,2312,2349,0,0,0,7047,N,N,2,0,0,0,36,"HK$ 967,000",2,17.0,12.0,4.7,4.5,0,1
110452,2019-11-06,6,7,HV,TURF,GOOD,B,Class 4,1200,7014,2382,2312,2320,0,0,0,B073,R Bayliss,Y S Tsui,123,8,B,50,-2,1167,+2,,6,+1,10/7/7/11/8/9,7,10-10-7,10,10,7,0,0,0,2498,2296,2281,0,0,0,7075,7.25,6.25,3.75,0,0,0,17,"HK$ 967,000",3-3/4,81.0,92.0,12.0,12.0,0,0
110453,2019-11-06,6,8,HV,TURF,GOOD,B,Class 4,1200,7014,2382,2312,2320,0,0,0,T256,H N Wong,C W Chang,119,10,B,46,-2,1103,-9,1.09.54,9,2,8/10/8/10/7/7,10,12-12-10,12,12,10,0,0,0,2534,2288,2275,0,0,0,7097,9.5,8,5.25,0,0,0,14,"HK$ 967,000",5-1/4,73.0,98.0,11.0,17.0,0,0
110454,2019-11-06,6,9,HV,TURF,GOOD,B,Class 4,1200,7014,2382,2312,2320,0,0,0,A121,M L Yeung,K L Man,118,2,,45,0,1100,+5,1.10.26,6,+1,7/1/7/3/4/5,8,6-6-8,6,6,8,0,0,0,2442,2304,2330,0,0,0,7076,3.75,3.25,3.75,0,0,0,21,"HK$ 967,000",3-3/4,6.2,6.0,1.7,1.9,0,0
110455,2019-11-06,6,10,HV,TURF,GOOD,B,Class 4,1200,7014,2382,2312,2320,0,0,0,C092,M F Poon,W Y So,118,5,TT,45,-2,1084,+7,,5,*2,11/9/8/8,6,1-1-6,1,1,6,0,0,0,2382,2312,2380,0,0,0,7074,N,N,3.75,0,0,0,36,"HK$ 967,000",3-3/4,57.0,66.0,9.2,14.0,0,0
110456,2019-11-06,6,11,HV,TURF,GOOD,B,Class 4,1200,7014,2382,2312,2320,0,0,0,C254,G van Niekerk,P F Yiu,117,11,,44,+1,1105,+1,1.10.22,4,+1,2/12/13/11/9,4,4-4-4,4,4,4,0,0,0,2414,2308,2330,0,0,0,7052,2,1.75,2.25,0,0,0,21,"HK$ 967,000",2-1/4,9.0,9.6,2.4,2.4,0,0
110457,2019-11-06,6,12,HV,TURF,GOOD,B,Class 4,1200,7014,2382,2312,2320,0,0,0,B468,K C Leung,T P Yung,116,4,H/TT,43,-8,1062,+7,1.10.89,5,1,14/12/11/11/9/11,1,3-3-1,3,3,1,0,0,0,2406,2312,2296,0,0,0,7014,1.5,1.5,0.5,0,0,0,115,"HK$ 967,000",1/2,58.0,56.0,10.0,12.0,1,1
110458,2019-11-06,7,1,HV,TURF,GOOD,B,Class 3,1650,9988,2807,2443,2379,2359,0,0,B261,K H Chan,J Moore,133,9,TT,78,0,1150,-2,1.38.91,5,+1,6/2/1/3/5/7,6,1-1-1-6,1,1,1,6,0,0,2807,2443,2379,2405,0,0,10034,1.5,1,0.75,3,0,0,21,"HK$ 1,450,000",3,9.3,4.6,2.1,1.5,0,0
110459,2019-11-06,7,2,HV,TURF,GOOD,B,Class 3,1650,9988,2807,2443,2379,2359,0,0,B085,K Teetan,C Fownes,132,7,XB,77,+2,1162,-4,1.40.09,5,1,3/1/7/6/2/10,4,2-3-3-4,2,3,3,4,0,0,2831,2443,2379,2375,0,0,10028,1.5,1.5,1.5,2.5,0,0,42,"HK$ 1,450,000",2-1/2,16.0,21.0,3.2,3.8,0,0
110460,2019-11-06,7,3,HV,TURF,GOOD,B,Class 3,1650,9988,2807,2443,2379,2359,0,0,C007,Z Purton,D J Hall,130,2,B/XB,75,+10,1190,+15,1.39.87,5,1,1/6/1/2/1/7,1,9-9-4-1,9,9,4,1,0,0,2951,2395,2315,2327,0,0,9988,9,6,2,0.75,0,0,21,"HK$ 1,450,000",3/4,1.5,1.7,1.0,1.2,1,1
110461,2019-11-06,7,4,HV,TURF,GOOD,B,Class 3,1650,9988,2807,2443,2379,2359,0,0,B463,N Callan,D E Ferraris,127,8,TT,72,0,1019,-2,,5,1,6/3/1/3/2/3,2,7-8-7-2,7,8,7,2,0,0,2915,2423,2351,2312,0,0,10001,6.75,5.5,3.75,0.75,0,0,17,"HK$ 1,450,000",3/4,11.0,11.0,2.6,2.4,0,1
110462,2019-11-06,7,5,HV,TURF,GOOD,B,Class 3,1650,9988,2807,2443,2379,2359,0,0,C116,T H So,L Ho,127,4,H/P,72,-2,1072,-4,,4,1,12/11/9/13/11/6,10,8-7-8-10,8,7,8,10,0,0,2919,2407,2363,2427,0,0,10116,7,4.75,3.75,8,0,0,21,"HK$ 1,450,000",8,65.0,99.0,10.0,16.0,0,0
110463,2019-11-06,7,6,HV,TURF,GOOD,B,Class 3,1650,9988,2807,2443,2379,2359,0,0,A224,J Moreira,J Size,125,1,,70,-1,1116,-6,1.39.15,6,1,3/8/10/7/4/9,8,5-6-9-8,5,6,9,8,0,0,2879,2439,2375,2382,0,0,10075,4.5,4.25,4,5.5,0,0,21,"HK$ 1,450,000",5-1/2,10.0,10.0,1.9,2.0,0,0
110464,2019-11-06,7,7,HV,TURF,GOOD,B,Class 3,1650,9988,2807,2443,2379,2359,0,0,B351,M L Yeung,A S Cruz,125,10,CP/TT,70,-2,1011,0,1.39.76,5,1,4/6/7/6/7/8,7,10-10-10-7,10,10,10,7,0,0,2975,2387,2347,2350,0,0,10059,10.5,7,5,4.5,0,0,25,"HK$ 1,450,000",4-1/2,20.0,21.0,3.4,4.2,0,0
110465,2019-11-06,7,8,HV,TURF,GOOD,B,Class 3,1650,9988,2807,2443,2379,2359,0,0,A168,H N Wong,C H Yip,124,3,P-/TT,69,-2,1093,-15,1.41.22,6,1,14/13/9/12/13/13,9,6-5-5-9,6,5,5,9,0,0,2891,2411,2359,2415,0,0,10076,5.25,3.25,2,5.5,0,0,10,"HK$ 1,450,000",5-1/2,79.0,51.0,12.0,10.0,0,0
110466,2019-11-06,7,9,HV,TURF,GOOD,B,Class 3,1650,9988,2807,2443,2379,2359,0,0,T369,M Chadwick,P O'Sullivan,118,5,B,63,0,1052,+7,1.39.43,7,+1,9/3/1/3/4/2,5,3-4-6-5,3,4,6,5,0,0,2855,2439,2375,2362,0,0,10031,3,2.75,2.5,2.75,0,0,21,"HK$ 1,450,000",2-3/4,19.0,25.0,3.7,4.4,0,0
110467,2019-11-06,7,10,HV,TURF,GOOD,B,Class 3,1650,9988,2807,2443,2379,2359,0,0,B238,H W Lai,Y S Tsui,115,6,B/SR1,60,-1,1115,-1,1.39.78,5,1,10/4/8/11/9/12,3,4-2-2-3,4,2,2,3,0,0,2859,2407,2375,2375,0,0,10015,3.25,1,0.75,1.75,0,0,10,"HK$ 1,450,000",1-3/4,12.0,14.0,3.2,2.7,0,1
110468,2019-11-06,8,1,HV,TURF,GOOD,B,Class 3,1000,5696,1265,2150,2281,0,0,0,B216,B Shinn,C S Shum,130,9,TT,74,-3,1157,+12,0.57.09,6,+1,9/8/11/6/10/4,4,4-6-4,4,6,4,0,0,0,1277,2194,2280,0,0,0,5751,0.75,3.5,3.5,0,0,0,17,"HK$ 1,450,000",3-1/2,20.0,12.0,7.8,2.8,0,0
110469,2019-11-06,8,2,HV,TURF,GOOD,B,Class 3,1000,5696,1265,2150,2281,0,0,0,C218,Z Purton,F C Lor,128,4,B,72,+2,1052,+20,0.56.97,4,+1,2/9/3/6/2/8,6,2-1-6,2,1,6,0,0,0,1269,2146,2343,0,0,0,5758,N,0.5,4,0,0,0,42,"HK$ 1,450,000",4,3.0,3.3,1.5,1.5,0,0
110470,2019-11-06,8,3,HV,TURF,GOOD,B,Class 3,1000,5696,1265,2150,2281,0,0,0,C508,M F Poon,L Ho,128,6,,72,0,1175,+25,0.57.47,4,+1,4,5,6-4-5,6,4,5,0,0,0,1285,2158,2308,0,0,0,5751,1.25,1.75,3.5,0,0,0,28,"HK$ 1,450,000",3-1/2,13.0,7.2,2.3,2.7,0,0
110471,2019-11-06,8,4,HV,TURF,GOOD,B,Class 3,1000,5696,1265,2150,2281,0,0,0,C010,J Moreira,J Size,127,11,,71,+3,1087,+3,0.57.06,4,+1,2/7/5/5/4/7,8,7-8-8,7,8,8,0,0,0,1289,2194,2298,0,0,0,5781,1.5,4.25,5.25,0,0,0,28,"HK$ 1,450,000",5-1/4,6.1,6.4,2.3,2.1,0,0
110472,2019-11-06,8,5,HV,TURF,GOOD,B,Class 3,1000,5696,1265,2150,2281,0,0,0,C523,K Teetan,A S Cruz,126,2,CP1/TT1,70,,1286,,,3,+1,,7,8-7-7,8,7,7,0,0,0,1301,2178,2295,0,0,0,5774,2.25,4,4.75,0,0,0,,"HK$ 1,450,000",4-3/4,15.0,16.0,4.8,4.2,0,0
110473,2019-11-06,8,6,HV,TURF,GOOD,B,Class 3,1000,5696,1265,2150,2281,0,0,0,A373,M L Yeung,T P Yung,126,1,B,70,0,1119,+11,0.57.99,6,+1,11/5/7/6/7/11,10,3-3-10,3,3,10,0,0,0,1269,2166,2356,0,0,0,5791,N,1.25,6,0,0,0,122,"HK$ 1,450,000",6,9.1,13.0,2.3,4.2,0,0
110474,2019-11-06,8,7,HV,TURF,GOOD,B,Class 3,1000,5696,1265,2150,2281,0,0,0,C274,K H Chan,J Moore,124,7,CP/TT,68,0,1040,-20,0.57.38,4,1,3/11/11/6/11,11,10-9-11,10,9,11,0,0,0,1309,2174,2314,0,0,0,5797,2.75,4.25,6.25,0,0,0,28,"HK$ 1,450,000",6-1/4,13.0,13.0,3.6,3.0,0,0
110475,2019-11-06,8,8,HV,TURF,GOOD,B,Class 3,1000,5696,1265,2150,2281,0,0,0,B343,M Chadwick,P F Yiu,124,5,B,68,+6,1186,+33,0.56.39,5,1,1/6/1/3/7/11,1,1-2-1,1,2,1,0,0,0,1265,2158,2273,0,0,0,5696,N,0.5,2.75,0,0,0,42,"HK$ 1,450,000",2-3/4,4.0,4.2,1.5,1.6,1,1
110476,2019-11-06,8,9,HV,TURF,GOOD,B,Class 3,1000,5696,1265,2150,2281,0,0,0,A254,R Bayliss,C Fownes,122,12,V/XB,66,0,1136,+1,0.57.12,6,1,10/2/8/4/3/5,3,12-12-3,12,12,3,0,0,0,1337,2182,2227,0,0,0,5746,4.5,6.5,3,0,0,0,46,"HK$ 1,450,000",3,27.0,31.0,7.9,7.6,0,1
110477,2019-11-06,8,10,HV,TURF,GOOD,B,Class 3,1000,5696,1265,2150,2281,0,0,0,C275,K C Leung,K H Ting,120,10,H/P,64,-2,1010,-4,,4,*1,10/4/7/10/12,2,9-10-2,9,10,2,0,0,0,1301,2194,2247,0,0,0,5742,2.25,5,2.75,0,0,0,21,"HK$ 1,450,000",2-3/4,39.0,56.0,9.3,13.0,0,1
110478,2019-11-06,8,11,HV,TURF,GOOD,B,Class 3,1000,5696,1265,2150,2281,0,0,0,C293,H N Wong,K W Lui,119,8,TT,63,-2,1215,-14,0.58.99,4,+1,9/10/11/11,12,11-11-12,11,11,12,0,0,0,1329,2174,2304,0,0,0,5807,4,5.5,7,0,0,0,14,"HK$ 1,450,000",7,65.0,99.0,13.0,25.0,0,0
110479,2019-11-06,8,12,HV,TURF,GOOD,B,Class 3,1000,5696,1265,2150,2281,0,0,0,C324,L Hewitson,D E Ferraris,118,3,,62,-2,1310,-11,,4,1,11/11/7/12/8,9,5-5-9,5,5,9,0,0,0,1281,2178,2324,0,0,0,5783,1,2.75,5.5,0,0,0,17,"HK$ 1,450,000",5-1/2,40.0,36.0,8.1,8.6,0,0
110480,2019-11-06,9,1,HV,TURF,GOOD,B,Class 3,1200,6982,2367,2292,2323,0,0,0,C399,K Teetan,A T Millard,133,1,,79,0,1018,+1,1.10.31,4,+1,3/12,2,4-3-2,4,3,2,0,0,0,2391,2292,2300,0,0,0,6983,1.5,1.5,NOSE,0,0,0,28,"HK$ 1,450,000",NOSE,9.2,11.0,2.8,3.0,0,1
110481,2019-11-06,9,2,HV,TURF,GOOD,B,Class 3,1200,6982,2367,2292,2323,0,0,0,T273,G van Niekerk,D E Ferraris,130,10,,76,-2,1223,+10,1.09.74,8,*1,9/7/8/6/3/10,11,11-9-11,11,9,11,0,0,0,2439,2288,2341,0,0,0,7068,4.5,4.25,5.25,0,0,0,42,"HK$ 1,450,000",5-1/4,26.0,30.0,5.3,6.5,0,0
110482,2019-11-06,9,3,HV,TURF,GOOD,B,Class 3,1200,6982,2367,2292,2323,0,0,0,V142,M Chadwick,T P Yung,130,2,,76,-2,1187,-1,1.09.73,7,*1,9/4/5/2/9/13,4,1-1-4,1,1,4,0,0,0,2367,2292,2330,0,0,0,6989,N,0.75,0.5,0,0,0,25,"HK$ 1,450,000",1/2,7.4,5.1,3.3,2.1,0,0
110483,2019-11-06,9,4,HV,TURF,GOOD,B,Class 3,1200,6982,2367,2292,2323,0,0,0,C231,C Y Ho,K H Ting,127,5,,73,+5,1114,+12,1.10.08,5,+1,1/4/3/2/4/5,3,3-5-3,3,5,3,0,0,0,2383,2308,2296,0,0,0,6986,1,2,N,0,0,0,28,"HK$ 1,450,000",N,7.9,7.0,2.1,2.1,0,1
110484,2019-11-06,9,5,HV,TURF,GOOD,B,Class 3,1200,6982,2367,2292,2323,0,0,0,T262,K C Leung,W Y So,126,4,B/H,72,-2,1107,+17,1.10.32,8,*1,11/10/14/11/10/5,9,10-11-9,10,11,9,0,0,0,2439,2292,2309,0,0,0,7040,4.5,4.5,3.75,0,0,0,168,"HK$ 1,450,000",3-3/4,18.0,21.0,4.1,5.6,0,0
110485,2019-11-06,9,6,HV,TURF,GOOD,B,Class 3,1200,6982,2367,2292,2323,0,0,0,C205,N Callan,J Moore,125,7,CP/TT,71,+2,1130,+3,1.09.72,3,+1,2/9/4/5/2/11,8,6-7-8,6,7,8,0,0,0,2403,2300,2334,0,0,0,7037,2.25,2.75,3.5,0,0,0,14,"HK$ 1,450,000",3-1/2,6.4,7.0,2.5,2.5,0,0
110486,2019-11-06,9,7,HV,TURF,GOOD,B,Class 3,1200,6982,2367,2292,2323,0,0,0,C480,B Shinn,C S Shum,124,6,TT,70,0,1216,+10,,4,*1,8,5,2-2-5,2,2,5,0,0,0,2371,2300,2321,0,0,0,6992,N,0.75,0.5,0,0,0,36,"HK$ 1,450,000",1/2,35.0,13.0,8.6,4.2,0,0
110487,2019-11-06,9,8,HV,TURF,GOOD,B,Class 3,1200,6982,2367,2292,2323,0,0,0,A317,A Badel,K L Man,123,3,TT,69,0,1037,-2,1.09.76,5,+1,3/2/5/2/5/2,6,7-8-6,7,8,6,0,0,0,2415,2288,2292,0,0,0,6994,3,2.75,0.75,0,0,0,21,"HK$ 1,450,000",3/4,9.1,11.0,2.7,3.1,0,0
110488,2019-11-06,9,9,HV,TURF,GOOD,B,Class 3,1200,6982,2367,2292,2323,0,0,0,B371,Z Purton,R Gibson,122,12,B,68,+1,1105,+14,1.09.95,4,+1,2/5/7/4/1/3,7,12-12-7,12,12,7,0,0,0,2455,2296,2259,0,0,0,7010,5.5,5.75,1.75,0,0,0,28,"HK$ 1,450,000",1-3/4,14.0,11.0,2.9,3.4,0,0
110489,2019-11-06,9,10,HV,TURF,GOOD,B,Class 3,1200,6982,2367,2292,2323,0,0,0,A337,H N Wong,K W Lui,122,8,,68,-2,1169,+9,1.09.57,6,*1,10/10/4/9/9/12,12,8-6-12,8,6,12,0,0,0,2419,2280,2369,0,0,0,7068,3.25,2.5,5.25,0,0,0,28,"HK$ 1,450,000",5-1/4,56.0,89.0,9.5,15.0,0,0
110490,2019-11-06,9,11,HV,TURF,GOOD,B,Class 3,1200,6982,2367,2292,2323,0,0,0,C180,J Moreira,C Fownes,119,11,SR/TT,65,+2,1140,-2,1.09.67,4,+1,2/2/2/1,1,5-4-1,5,4,1,0,0,0,2391,2292,2299,0,0,0,6982,1.5,1.5,NOSE,0,0,0,21,"HK$ 1,450,000",NOSE,2.9,3.4,1.5,1.5,1,1
110491,2019-11-06,9,12,HV,TURF,GOOD,B,Class 3,1200,6982,2367,2292,2323,0,0,0,C284,L Hewitson,D J Whyte,116,9,XB,62,-2,1066,-12,1.11.20,4,+*1,8/12/5/7/8/5,10,9-10-10,9,10,10,0,0,0,2435,2292,2325,0,0,0,7052,4.25,4.25,4.25,0,0,0,17,"HK$ 1,450,000",4-1/4,41.0,58.0,8.2,11.0,0,0
110492,2019-11-09,1,1,ST,TURF,GOOD,A,Class 4,1200,6886,2373,2290,2223,0,0,0,C413,H W Lai,L Ho,129,7,H-,57,0,1059,-4,1.09.77,3,+1,10,9,12-12-9,12,12,9,0,0,0,2457,2286,2301,0,0,0,7044,5.25,5,10,0,0,0,20,"HK$ 967,000",10,26.0,23.0,7.0,5.1,0,0
110493,2019-11-09,1,2,ST,TURF,GOOD,A,Class 4,1200,6886,2373,2290,2223,0,0,0,C529,G van Niekerk,D J Whyte,129,10,,57,,1071,,,3,1,,14,14-14-14,14,14,14,0,0,0,2489,2302,2301,0,0,0,7092,7.25,8,13,0,0,0,,"HK$ 967,000",13,31.0,50.0,7.3,13.0,0,0
110494,2019-11-09,1,3,ST,TURF,GOOD,A,Class 4,1200,6886,2373,2290,2223,0,0,0,C047,L Hewitson,Y S Tsui,129,5,,57,0,1081,-41,,3,*1,9/12,11,11-13-11,11,13,11,0,0,0,2449,2298,2312,0,0,0,7059,4.75,5.25,10.75,0,0,0,28,"HK$ 967,000",10-3/4,94.0,99.0,16.0,26.0,0,0
110495,2019-11-09,1,4,ST,TURF,GOOD,A,Class 4,1200,6886,2373,2290,2223,0,0,0,C423,K C Leung,T P Yung,125,3,CP1,53,-2,1098,+1,1.09.51,3,1,11/5/6,4,5-5-4,5,5,4,0,0,0,2405,2298,2277,0,0,0,6980,2,2.5,6,0,0,0,20,"HK$ 967,000",6,6.5,5.0,1.9,1.5,0,0
110496,2019-11-09,1,5,ST,TURF,GOOD,A,Class 4,1200,6886,2373,2290,2223,0,0,0,D073,C Y Ho,P F Yiu,124,14,,52,,1206,,,3,1,,12,9-10-12,9,10,12,0,0,0,2437,2302,2330,0,0,0,7069,4,4.75,11.5,0,0,0,,"HK$ 967,000",11-1/2,22.0,18.0,5.4,4.9,0,0
110497,2019-11-09,1,6,ST,TURF,GOOD,A,Class 4,1200,6886,2373,2290,2223,0,0,0,C454,M L Yeung,C H Yip,124,12,XB1,52,0,1162,+13,1.09.89,3,+1,6,3,2-2-3,2,2,3,0,0,0,2385,2298,2287,0,0,0,6969,0.75,1.25,5.25,0,0,0,39,"HK$ 967,000",5-1/4,9.0,10.0,2.8,3.1,0,1
110498,2019-11-09,1,7,ST,TURF,GOOD,A,Class 4,1200,6886,2373,2290,2223,0,0,0,C437,A Badel,K L Man,124,9,,52,,1072,,,3,+1,,5,13-11-5,13,11,5,0,0,0,2469,2274,2249,0,0,0,6992,6,5,6.75,0,0,0,,"HK$ 967,000",6-3/4,31.0,41.0,9.2,12.0,0,0
110499,2019-11-09,1,8,ST,TURF,GOOD,A,Class 4,1200,6886,2373,2290,2223,0,0,0,C501,B Shinn,D J Hall,124,1,,52,,1107,,,3,+1,,8,7-7-8,7,7,8,0,0,0,2417,2302,2297,0,0,0,7016,2.75,3.5,8.25,0,0,0,,"HK$ 967,000",8-1/4,43.0,60.0,9.7,13.0,0,0
110500,2019-11-09,1,9,ST,TURF,GOOD,A,Class 4,1200,6886,2373,2290,2223,0,0,0,D083,J Moreira,C S Shum,124,11,H1/TT1,52,,1111,,,3,1,,1,1-1-1,1,1,1,0,0,0,2373,2290,2223,0,0,0,6886,0.75,1.25,5.25,0,0,0,,"HK$ 967,000",5-1/4,4.4,4.5,2.0,1.5,1,1
110501,2019-11-09,1,10,ST,TURF,GOOD,A,Class 4,1200,6886,2373,2290,2223,0,0,0,D088,U Rispoli,C Fownes,124,6,,52,,1126,,,3,+1,,2,10-9-2,10,9,2,0,0,0,2441,2290,2237,0,0,0,6968,4.25,4.25,5.25,0,0,0,,"HK$ 967,000",5-1/4,11.0,14.0,3.1,3.9,0,1
110502,2019-11-09,1,11,ST,TURF,GOOD,A,Class 4,1200,6886,2373,2290,2223,0,0,0,D048,N Callan,C S Shum,124,2,,52,,1180,,,3,2,,6,3-3-6,3,3,6,0,0,0,2389,2294,2317,0,0,0,7000,1,1.25,7.25,0,0,0,,"HK$ 967,000",7-1/4,26.0,14.0,6.0,4.6,0,0
110503,2019-11-09,1,12,ST,TURF,GOOD,A,Class 4,1200,6886,2373,2290,2223,0,0,0,D031,K Teetan,J Size,124,13,,52,,1156,,,3,1,,13,4-4-13,4,4,13,0,0,0,2393,2302,2377,0,0,0,7072,1.25,2,11.75,0,0,0,,"HK$ 967,000",11-3/4,19.0,16.0,6.6,5.0,0,0
110504,2019-11-09,1,13,ST,TURF,GOOD,A,Class 4,1200,6886,2373,2290,2223,0,0,0,C311,Z Purton,P O'Sullivan,123,4,B,51,-2,1113,+1,1.09.50,3,1,7/2/3/2,7,8-8-7,8,8,7,0,0,0,2429,2298,2284,0,0,0,7011,3.5,4,7.75,0,0,0,20,"HK$ 967,000",7-3/4,2.8,3.1,1.2,1.6,0,0
110505,2019-11-09,1,14,ST,TURF,GOOD,A,Class 4,1200,6886,2373,2290,2223,0,0,0,C154,H N Wong,C W Chang,118,8,H/XB,46,-4,1062,0,1.10.92,3,1,12/13/9/4/7/4,10,6-6-10,6,6,10,0,0,0,2413,2306,2330,0,0,0,7049,2.5,3.5,10.25,0,0,0,20,"HK$ 967,000",10-1/4,89.0,99.0,15.0,28.0,0,0
110506,2019-11-09,2,1,ST,TURF,GOOD TO FIRM,A,Class 5,1800,10796,1367,2178,2460,2431,2360,0,V369,K H Chan,D J Whyte,133,5,B,40,+1,1083,+1,1.48.33,6,1,2/2/4/12/10/6,6,5-5-5-5-6,5,5,5,5,6,0,1399,2226,2436,2415,2371,0,10847,2,5,3.5,2.5,3.25,0,28,"HK$ 725,000",3-1/4,3.9,4.5,1.9,1.8,0,0
110507,2019-11-09,2,2,ST,TURF,GOOD TO FIRM,A,Class 5,1800,10796,1367,2178,2460,2431,2360,0,C091,K C Leung,P O'Sullivan,132,3,B,39,-4,1107,+6,1.48.88,4,2,6/11/11/10/12,7,11-10-10-10-7,11,10,10,10,7,0,1487,2250,2388,2391,2337,0,10853,7.5,12,7.5,5,3.5,0,129,"HK$ 725,000",3-1/2,30.0,34.0,8.7,7.1,0,0
110508,2019-11-09,2,3,ST,TURF,GOOD TO FIRM,A,Class 5,1800,10796,1367,2178,2460,2431,2360,0,A284,B Shinn,T P Yung,131,2,CP,38,-2,1079,-3,1.47.51,6,1,8/6/12/12/7/7,10,10-11-12-13-10,10,11,12,13,10,0,1467,2282,2388,2399,2367,0,10903,6.25,12.75,8.25,6.25,6.75,0,34,"HK$ 725,000",6-3/4,14.0,13.0,4.8,3.6,0,0
110509,2019-11-09,2,4,ST,TURF,GOOD TO FIRM,A,Class 5,1800,10796,1367,2178,2460,2431,2360,0,A249,G van Niekerk,C W Chang,130,9,B,37,-1,998,-21,,5,1,6/11/7/10/2/3,3,9-9-9-9-3,9,9,9,9,3,0,1467,2246,2400,2395,2305,0,10813,6.25,10.5,6.75,4.5,1,0,17,"HK$ 725,000",1,15.0,20.0,4.0,5.6,0,1
110510,2019-11-09,2,5,ST,TURF,GOOD TO FIRM,A,Class 5,1800,10796,1367,2178,2460,2431,2360,0,C035,Z Purton,W Y So,129,8,PC/TT,36,-1,1168,+2,1.48.45,5,1,6/5/3/2/8/8,2,4-4-4-4-2,4,4,4,4,2,0,1399,2218,2440,2407,2343,0,10807,2,4.5,3.25,1.75,0.5,0,13,"HK$ 725,000",1/2,6.5,4.3,2.3,1.6,0,1
110511,2019-11-09,2,6,ST,TURF,GOOD TO FIRM,A,Class 5,1800,10796,1367,2178,2460,2431,2360,0,A405,K Teetan,P O'Sullivan,128,10,B1,35,-2,1170,+3,,5,1,4/11/2/4/4/8,5,1-2-3-1-5,1,2,3,1,5,0,1367,2190,2472,2407,2394,0,10830,0.5,0.75,1.5,N,2.25,0,28,"HK$ 725,000",2-1/4,9.6,5.0,1.5,2.0,0,0
110512,2019-11-09,2,7,ST,TURF,GOOD TO FIRM,A,Class 5,1800,10796,1367,2178,2460,2431,2360,0,C251,A Sanna,C Fownes,128,1,V1,35,-2,1164,+10,1.48.37,4,1,7/4/3/3/9/5,9,7-7-7-8-9,7,7,7,8,9,0,1423,2234,2428,2407,2365,0,10857,3.5,7,5,3.5,3.75,0,10,"HK$ 725,000",3-3/4,9.3,13.0,2.7,3.3,0,0
110513,2019-11-09,2,8,ST,TURF,GOOD TO FIRM,A,Class 5,1800,10796,1367,2178,2460,2431,2360,0,V140,R Bayliss,K L Man,125,11,CP/TT,32,-3,1190,-11,,7,2,9/8/5/14/11/12,14,2-3-2-2-14,2,3,2,2,14,0,1375,2194,2456,2415,2503,0,10943,0.5,1.5,1.25,N,9.25,0,28,"HK$ 725,000",9-1/4,35.0,59.0,9.8,18.0,0,0
110514,2019-11-09,2,9,ST,TURF,GOOD TO FIRM,A,Class 5,1800,10796,1367,2178,2460,2431,2360,0,C174,U Rispoli,C H Yip,125,6,B/XB1/TT,32,-3,1182,-7,,4,1,12/7/14/8/9/10,1,6-6-6-6-1,6,6,6,6,1,0,1419,2226,2436,2399,2316,0,10796,3.25,6.25,4.75,2.75,0.5,0,13,"HK$ 725,000",1/2,51.0,63.0,12.0,15.0,1,1
110515,2019-11-09,2,10,ST,TURF,GOOD TO FIRM,A,Class 5,1800,10796,1367,2178,2460,2431,2360,0,B395,L Hewitson,D J Hall,123,14,,30,-2,1054,+12,1.49.24,4,+1,7/9/12/5/13/8,8,12-12-13-12-8,12,12,13,12,8,0,1499,2270,2380,2383,2321,0,10853,8.25,14,9,6,3.5,0,17,"HK$ 725,000",3-1/2,25.0,20.0,7.7,5.2,0,0
110516,2019-11-09,2,11,ST,TURF,GOOD TO FIRM,A,Class 5,1800,10796,1367,2178,2460,2431,2360,0,V406,J Moreira,L Ho,120,7,V,27,0,1053,+4,1.48.16,6,1,4/3/6/4/4/9,4,8-8-8-7-4,8,8,8,7,4,0,1451,2226,2428,2387,2325,0,10817,5.25,8.25,6.25,3.5,1.25,0,34,"HK$ 725,000",1-1/4,5.2,8.4,2.6,3.0,0,0
110517,2019-11-09,2,12,ST,TURF,GOOD TO FIRM,A,Class 5,1800,10796,1367,2178,2460,2431,2360,0,B292,A Badel,D E Ferraris,120,4,B,27,+8,1209,-8,1.48.29,5,1,1/6/6/7/9/10,11,13-13-14-14-11,13,13,14,14,11,0,1515,2266,2380,2415,2331,0,10907,9.25,14.75,9.75,8.75,7,0,10,"HK$ 725,000",7,8.7,8.4,3.4,2.6,0,0
110518,2019-11-09,2,13,ST,TURF,GOOD TO FIRM,A,Class 5,1800,10796,1367,2178,2460,2431,2360,0,B007,M F Poon,K L Man,116,12,B2,23,-2,1033,-6,,5,+*1,9/7/13/8/11/13,13,3-1-1-3-13,3,1,1,3,13,0,1383,2162,2460,2447,2487,0,10939,1,0.75,1.25,1,9,0,34,"HK$ 725,000",9,83.0,99.0,22.0,33.0,0,0
110519,2019-11-09,2,14,ST,TURF,GOOD TO FIRM,A,Class 5,1800,10796,1367,2178,2460,2431,2360,0,B242,H W Lai,K W Lui,113,13,B/H/XB/TT,16,-2,1035,+5,,4,+1,8/9/8/10/11/9,12,14-14-11-11-12,14,14,11,11,12,0,1527,2266,2344,2387,2393,0,10917,10,15.5,8.25,5.5,7.5,0,17,"HK$ 725,000",7-1/2,50.0,85.0,13.0,23.0,0,0
110520,2019-11-09,3,1,ST,TURF,GOOD TO FIRM,A,Class 4,1400,8150,1363,2130,2338,2319,0,0,B164,G van Niekerk,D J Whyte,133,5,B,60,0,1148,0,1.21.60,5,+1,7/2/3/4/7/10,2,4-3-3-2,4,3,3,2,0,0,1371,2150,2326,2310,0,0,8157,0.5,1.75,1,N,0,0,20,"HK$ 967,000",N,6.5,4.8,2.2,2.0,0,1
110521,2019-11-09,3,2,ST,TURF,GOOD TO FIRM,A,Class 4,1400,8150,1363,2130,2338,2319,0,0,C203,A Badel,R Gibson,132,13,B/TT1,59,-2,1122,-10,1.21.77,4,+1,13/11/8/6/6/13,1,5-5-5-1,5,5,5,1,0,0,1379,2178,2306,2287,0,0,8150,1,4,2,N,0,0,34,"HK$ 967,000",N,18.0,27.0,5.0,7.6,1,1
110522,2019-11-09,3,3,ST,TURF,GOOD TO FIRM,A,Class 4,1400,8150,1363,2130,2338,2319,0,0,C419,M F Poon,C H Yip,128,11,TT1,55,-2,1103,0,1.23.08,3,+1,10/11,14,6-7-10-14,6,7,10,14,0,0,1391,2178,2334,2422,0,0,8325,1.75,4.75,4.5,11,0,0,28,"HK$ 967,000",11,35.0,58.0,8.9,15.0,0,0
110523,2019-11-09,3,4,ST,TURF,GOOD TO FIRM,A,Class 4,1400,8150,1363,2130,2338,2319,0,0,C036,A Sanna,P F Yiu,127,3,B,54,-1,1237,-2,,4,+1,9/7/7/7/1/4,10,2-2-2-10,2,2,2,10,0,0,1367,2142,2334,2403,0,0,8246,N,1,0.75,6,0,0,28,"HK$ 967,000",6,25.0,29.0,7.7,6.9,0,0
110524,2019-11-09,3,5,ST,TURF,GOOD TO FIRM,A,Class 4,1400,8150,1363,2130,2338,2319,0,0,B421,K Teetan,F C Lor,126,4,B/SR,53,-2,1222,+2,1.21.69,4,+1,13/9/3/8/8/9,4,8-6-6-4,8,6,6,4,0,0,1395,2166,2302,2326,0,0,8189,2,4.25,2,2.5,0,0,20,"HK$ 967,000",2-1/2,12.0,13.0,3.6,3.8,0,0
110525,2019-11-09,3,6,ST,TURF,GOOD TO FIRM,A,Class 4,1400,8150,1363,2130,2338,2319,0,0,C472,R Bayliss,J Size,125,12,TT1,52,0,1014,-13,,3,+1,3,6,1-4-4-6,1,4,4,6,0,0,1363,2170,2322,2378,0,0,8233,N,2.5,1.5,5.25,0,0,20,"HK$ 967,000",5-1/4,6.3,5.6,2.5,2.2,0,0
110526,2019-11-09,3,7,ST,TURF,GOOD TO FIRM,A,Class 4,1400,8150,1363,2130,2338,2319,0,0,C414,M L Yeung,A S Cruz,123,14,CP-/B1/TT,50,-2,1115,+2,1.23.40,4,+1,11/12,11,14-12-13-11,14,12,13,11,0,0,1439,2174,2306,2354,0,0,8273,4.75,7.5,5.5,7.75,0,0,34,"HK$ 967,000",7-3/4,81.0,99.0,20.0,30.0,0,0
110527,2019-11-09,3,8,ST,TURF,GOOD TO FIRM,A,Class 4,1400,8150,1363,2130,2338,2319,0,0,B225,U Rispoli,C W Chang,121,7,,48,+3,1024,0,1.21.13,5,+1,2/7/5/7/6/12,5,7-8-8-5,7,8,8,5,0,0,1391,2186,2302,2315,0,0,8194,1.75,5.25,3,2.75,0,0,28,"HK$ 967,000",2-3/4,4.9,6.5,2.0,2.0,0,0
110528,2019-11-09,3,9,ST,TURF,GOOD TO FIRM,A,Class 4,1400,8150,1363,2130,2338,2319,0,0,C155,H N Wong,C Fownes,121,6,P,48,-2,1004,+15,1.22.37,4,*1,8/10/13/12,9,11-11-11-9,11,11,11,9,0,0,1415,2186,2302,2341,0,0,8244,3.25,6.75,4.5,5.75,0,0,39,"HK$ 967,000",5-3/4,45.0,80.0,9.2,15.0,0,0
110529,2019-11-09,3,10,ST,TURF,GOOD TO FIRM,A,Class 4,1400,8150,1363,2130,2338,2319,0,0,B267,K H Chan,C S Shum,120,2,H/TT,47,-2,1100,-1,1.21.85,4,+1,10/14/12/3/5/7,8,3-1-1-8,3,1,1,8,0,0,1367,2126,2338,2412,0,0,8243,N,1,0.75,5.75,0,0,24,"HK$ 967,000",5-3/4,16.0,12.0,4.2,3.6,0,0
110530,2019-11-09,3,11,ST,TURF,GOOD TO FIRM,A,Class 4,1400,8150,1363,2130,2338,2319,0,0,C312,K C Leung,W Y So,119,10,H1/TT,46,-1,1242,-16,,4,+1,4/6/6/14/10,13,12-14-14-13,12,14,14,13,0,0,1427,2190,2318,2359,0,0,8294,4,7.75,6.5,9,0,0,13,"HK$ 967,000",9,10.0,14.0,2.9,3.7,0,0
110531,2019-11-09,3,12,ST,TURF,GOOD TO FIRM,A,Class 4,1400,8150,1363,2130,2338,2319,0,0,B115,Z Purton,T P Yung,120,9,H-/V/XB,46,-2,1170,+19,1.22.23,5,+1,11/9/10/10/5/1,12,13-13-12-12,13,13,12,12,0,0,1431,2186,2294,2373,0,0,8284,4.25,7.75,5,8.25,0,0,34,"HK$ 967,000",8-1/4,14.0,15.0,4.4,4.6,0,0
110532,2019-11-09,3,13,ST,TURF,GOOD TO FIRM,A,Class 4,1400,8150,1363,2130,2338,2319,0,0,C046,L Hewitson,P O'Sullivan,117,1,,43,-2,1062,-3,1.22.84,4,+1,8/9/12/12/9/8,7,9-9-7-7,9,9,7,7,0,0,1403,2182,2294,2355,0,0,8234,2.5,5.75,3,5.25,0,0,34,"HK$ 967,000",5-1/4,46.0,42.0,9.4,12.0,0,0
110533,2019-11-09,3,14,ST,TURF,GOOD TO FIRM,A,Class 4,1400,8150,1363,2130,2338,2319,0,0,C137,J Moreira,Y S Tsui,116,8,,43,0,1079,+5,1.21.56,5,+1,3/5/8/3/4/7,3,10-10-9-3,10,10,9,3,0,0,1411,2182,2294,2275,0,0,8162,3,6.25,3.5,0.75,0,0,20,"HK$ 967,000",3/4,4.6,3.9,1.9,1.5,0,1
110534,2019-11-09,4,1,ST,ALL WEATHER TRACK,GOOD,,Class 4,1650,9974,2805,2312,2446,2411,0,0,V279,G van Niekerk,Y S Tsui,133,13,B,60,0,1172,-7,1.38.08,7,1,11/8/6/6/7/3,12,1-1-1-12,1,1,1,12,0,0,2805,2312,2446,2600,0,0,10163,0.75,1.25,N,11.75,0,0,24,"HK$ 967,000",11-3/4,20.0,19.0,5.0,5.4,0,0
110535,2019-11-09,4,2,ST,ALL WEATHER TRACK,GOOD,,Class 4,1650,9974,2805,2312,2446,2411,0,0,B376,J Moreira,J Moore,131,2,PC-/CP2,58,-1,1180,+6,1.40.34,5,+1,5/6/3/3/3/2,6,6-6-7-6,6,6,7,6,0,0,2885,2292,2422,2485,0,0,10084,5,3.75,2.25,6.75,0,0,34,"HK$ 967,000",6-3/4,6.8,7.5,2.5,2.4,0,0
110536,2019-11-09,4,3,ST,ALL WEATHER TRACK,GOOD,,Class 4,1650,9974,2805,2312,2446,2411,0,0,B353,Z Purton,C Fownes,129,3,V,56,0,1080,-10,1.39.28,5,+1,5/2/2/2/2/3,1,7-7-6-1,7,7,6,1,0,0,2917,2268,2410,2379,0,0,9974,7,4.25,2,0.75,0,0,13,"HK$ 967,000",3/4,2.8,2.8,1.1,1.3,1,1
110537,2019-11-09,4,4,ST,ALL WEATHER TRACK,GOOD,,Class 4,1650,9974,2805,2312,2446,2411,0,0,S131,K Teetan,F C Lor,127,5,PC/TT,54,-2,1166,-6,1.39.00,9,1,8/4/5/9/6/8,5,11-10-9-5,11,10,9,5,0,0,2957,2276,2394,2424,0,0,10051,9.5,7.25,4,4.75,0,0,13,"HK$ 967,000",4-3/4,16.0,18.0,4.2,4.7,0,0
110538,2019-11-09,4,5,ST,ALL WEATHER TRACK,GOOD,,Class 4,1650,9974,2805,2312,2446,2411,0,0,C106,A Badel,R Gibson,123,11,TT,50,0,1144,+11,,4,+1,4/7/3/6/10,10,5-5-3-10,5,5,3,10,0,0,2881,2276,2418,2536,0,0,10111,4.75,2.5,0.75,8.5,0,0,20,"HK$ 967,000",8-1/2,11.0,19.0,3.9,6.2,0,0
110539,2019-11-09,4,6,ST,ALL WEATHER TRACK,GOOD,,Class 4,1650,9974,2805,2312,2446,2411,0,0,C355,R Bayliss,D J Hall,123,1,B,50,-2,1063,-12,,5,1,8/10,14,9-9-10-14,9,9,10,14,0,0,2921,2288,2426,2591,0,0,10226,7.25,5.75,4.5,15.75,0,0,10,"HK$ 967,000",15-3/4,99.0,99.0,22.0,29.0,0,0
110540,2019-11-09,4,7,ST,ALL WEATHER TRACK,GOOD,,Class 4,1650,9974,2805,2312,2446,2411,0,0,B363,K H Chan,A S Cruz,122,8,TT,49,0,1116,-4,,4,1,9/2/1/5/9/8,3,2-3-4-3,2,3,4,3,0,0,2817,2324,2434,2432,0,0,10007,0.75,1.5,0.75,2,0,0,20,"HK$ 967,000",2,8.4,6.7,3.5,2.1,0,1
110541,2019-11-09,4,8,ST,ALL WEATHER TRACK,GOOD,,Class 4,1650,9974,2805,2312,2446,2411,0,0,C127,C Y Ho,C S Shum,119,10,B/TT,46,0,1071,-15,1.40.01,5,1,7/1/3/1/3/2,7,10-13-13-7,10,13,13,7,0,0,2953,2308,2414,2416,0,0,10090,9.25,9,7,7.25,0,0,13,"HK$ 967,000",7-1/4,13.0,11.0,4.2,3.1,0,0
110542,2019-11-09,4,9,ST,ALL WEATHER TRACK,GOOD,,Class 4,1650,9974,2805,2312,2446,2411,0,0,V337,M F Poon,L Ho,119,6,H/TT,46,0,1124,+5,1.38.69,7,1,4/7/6/11/3/7,13,12-14-14-13,12,14,14,13,0,0,2965,2332,2390,2494,0,0,10181,10,11.25,7.75,13,0,0,13,"HK$ 967,000",13,13.0,13.0,3.7,3.7,0,0
110543,2019-11-09,4,10,ST,ALL WEATHER TRACK,GOOD,,Class 4,1650,9974,2805,2312,2446,2411,0,0,A123,H W Lai,C H Yip,118,12,,45,-1,1149,-2,1.40.98,6,*1,13/4/4/1/7/9,9,14-11-12-9,14,11,12,9,0,0,2993,2256,2398,2457,0,0,10104,11.75,8.25,5.25,8,0,0,20,"HK$ 967,000",8,37.0,49.0,8.1,12.0,0,0
110544,2019-11-09,4,11,ST,ALL WEATHER TRACK,GOOD,,Class 4,1650,9974,2805,2312,2446,2411,0,0,B428,M L Yeung,K W Lui,118,9,B/H,45,0,1173,-3,1.40.33,4,1,6/3/5/11/8/9,2,8-8-8-2,8,8,8,2,0,0,2917,2288,2410,2372,0,0,9986,7,5.5,3.25,0.75,0,0,13,"HK$ 967,000",3/4,6.6,5.5,2.2,2.0,0,1
110545,2019-11-09,4,12,ST,ALL WEATHER TRACK,GOOD,,Class 4,1650,9974,2805,2312,2446,2411,0,0,V407,H N Wong,C H Yip,117,7,TT,44,-2,1119,+6,1.39.00,6,2,9/8/9/12/4/9,11,4-2-2-11,4,2,2,11,0,0,2853,2284,2430,2580,0,0,10147,3,1.25,N,10.75,0,0,34,"HK$ 967,000",10-3/4,49.0,78.0,10.0,16.0,0,0
110546,2019-11-09,4,13,ST,ALL WEATHER TRACK,GOOD,,Class 4,1650,9974,2805,2312,2446,2411,0,0,C191,K C Leung,W Y So,116,14,H/TT,43,-2,1138,-10,,4,*1,7/6/7/11/12,4,13-12-11-4,13,12,11,4,0,0,2981,2276,2382,2394,0,0,10033,11,8.75,4.75,3.75,0,0,31,"HK$ 967,000",3-3/4,69.0,95.0,17.0,20.0,0,0
110547,2019-11-09,4,14,ST,ALL WEATHER TRACK,GOOD,,Class 4,1650,9974,2805,2312,2446,2411,0,0,A007,M Chadwick,D J Whyte,114,4,B-/P2,41,-2,1073,+6,,6,1,8/9/7/4/2/4,8,3-4-5-8,3,4,5,8,0,0,2841,2316,2430,2505,0,0,10092,2.25,2.5,1.5,7.25,0,0,6,"HK$ 967,000",7-1/4,35.0,34.0,7.0,6.7,0,0
110548,2019-11-09,5,1,ST,TURF,GOOD TO FIRM,A,Class 3,1000,5658,1307,2089,2262,0,0,0,C209,L Hewitson,D E Ferraris,133,3,,80,,1145,,,5,1,,12,14-14-12,14,14,12,0,0,0,1387,2133,2243,0,0,0,5763,5,7.75,6.5,0,0,0,,"HK$ 1,450,000",6-1/2,98.0,99.0,22.0,36.0,0,0
110549,2019-11-09,5,2,ST,TURF,GOOD TO FIRM,A,Class 3,1000,5658,1307,2089,2262,0,0,0,D058,M Chadwick,D J Whyte,131,1,,78,,996,,,3,1,,10,12-12-10,12,12,10,0,0,0,1367,2101,2292,0,0,0,5760,3.75,4.5,6.5,0,0,0,,"HK$ 1,450,000",6-1/2,38.0,63.0,6.4,12.0,0,0
110550,2019-11-09,5,3,ST,TURF,GOOD TO FIRM,A,Class 3,1000,5658,1307,2089,2262,0,0,0,C473,G van Niekerk,Y S Tsui,125,4,,72,,1040,,,4,1,,9,11-13-9,11,13,9,0,0,0,1363,2113,2236,0,0,0,5712,3.5,5,3.5,0,0,0,,"HK$ 1,450,000",3-1/2,29.0,39.0,7.3,10.0,0,0
110551,2019-11-09,5,4,ST,TURF,GOOD TO FIRM,A,Class 3,1000,5658,1307,2089,2262,0,0,0,A420,M L Yeung,K H Ting,124,7,CP1/TT,71,-3,1094,-28,0.56.73,6,*1,10/13/14/11/11/6,14,2-7-14,2,7,14,0,0,0,1319,2101,2480,0,0,0,5900,0.75,1.5,15,0,0,0,244,"HK$ 1,450,000",15,35.0,45.0,9.8,12.0,0,0
110552,2019-11-09,5,5,ST,TURF,GOOD TO FIRM,A,Class 3,1000,5658,1307,2089,2262,0,0,0,C478,H W Lai,C S Shum,123,11,TT,70,0,1072,+11,,4,1,9,13,4-5-13,4,5,13,0,0,0,1323,2097,2423,0,0,0,5843,1,1.5,11.5,0,0,0,45,"HK$ 1,450,000",11-1/2,55.0,97.0,16.0,21.0,0,0
110553,2019-11-09,5,6,ST,TURF,GOOD TO FIRM,A,Class 3,1000,5658,1307,2089,2262,0,0,0,C474,A Sanna,J Moore,123,9,B1,70,,1038,,,4,1,,3,6-3-3,6,3,3,0,0,0,1335,2073,2258,0,0,0,5666,1.75,0.75,0.5,0,0,0,,"HK$ 1,450,000",1/2,22.0,27.0,6.9,7.5,0,1
110554,2019-11-09,5,7,ST,TURF,GOOD TO FIRM,A,Class 3,1000,5658,1307,2089,2262,0,0,0,V390,K C Leung,T P Yung,122,8,V/TT,69,0,1241,+11,0.55.34,6,1,5/3/2/1/3/2,1,10-8-1,10,8,1,0,0,0,1363,2061,2234,0,0,0,5658,3.5,1.75,N,0,0,0,20,"HK$ 1,450,000",N,11.0,12.0,2.3,3.3,1,1
110555,2019-11-09,5,8,ST,TURF,GOOD TO FIRM,A,Class 3,1000,5658,1307,2089,2262,0,0,0,B246,C Y Ho,K W Lui,121,14,XB,68,+7,1046,-2,0.56.53,6,+1,1/8/3/5/10/2,2,5-4-2,5,4,2,0,0,0,1331,2085,2248,0,0,0,5664,1.5,1.25,N,0,0,0,49,"HK$ 1,450,000",N,4.9,3.5,1.7,1.5,0,1
110556,2019-11-09,5,9,ST,TURF,GOOD TO FIRM,A,Class 3,1000,5658,1307,2089,2262,0,0,0,C314,K Teetan,P F Yiu,120,5,H,67,+8,1165,-8,0.56.05,4,1,1/9/9/10/1,5,7-2-5,7,2,5,0,0,0,1335,2069,2275,0,0,0,5679,1.75,0.5,1.25,0,0,0,28,"HK$ 1,450,000",1-1/4,6.2,5.9,2.4,2.1,0,0
110557,2019-11-09,5,10,ST,TURF,GOOD TO FIRM,A,Class 3,1000,5658,1307,2089,2262,0,0,0,B204,J Moreira,A S Cruz,120,12,B/TT,67,+1,1146,+1,0.55.73,4,+1,2/2/1/3/7/3,6,13-10-6,13,10,6,0,0,0,1371,2057,2257,0,0,0,5685,4,2,1.75,0,0,0,34,"HK$ 1,450,000",1-3/4,2.8,3.1,1.4,1.2,0,0
110558,2019-11-09,5,11,ST,TURF,GOOD TO FIRM,A,Class 3,1000,5658,1307,2089,2262,0,0,0,C283,R Bayliss,C Fownes,119,2,TT,66,0,1154,-2,,4,1,5/2/8/2/1/2,4,9-11-4,9,11,4,0,0,0,1359,2093,2223,0,0,0,5675,3.25,3.5,1,0,0,0,20,"HK$ 1,450,000",1,18.0,14.0,4.1,3.5,0,0
110559,2019-11-09,5,12,ST,TURF,GOOD TO FIRM,A,Class 3,1000,5658,1307,2089,2262,0,0,0,C333,A Badel,J Size,118,10,B,65,+9,1198,-20,0.57.23,4,+1,1/3/2/2/9,7,1-1-7,1,1,7,0,0,0,1307,2089,2295,0,0,0,5691,0.75,0.5,2,0,0,0,10,"HK$ 1,450,000",2,7.5,7.1,2.7,2.2,0,0
110560,2019-11-09,5,13,ST,TURF,GOOD TO FIRM,A,Class 3,1000,5658,1307,2089,2262,0,0,0,A315,M F Poon,L Ho,117,6,H/V,64,0,1143,+1,0.57.04,6,*1,9/1/3/10/4/1,11,8-9-11,8,9,11,0,0,0,1343,2081,2338,0,0,0,5762,2.25,1.75,6.5,0,0,0,346,"HK$ 1,450,000",6-1/2,35.0,59.0,7.3,11.0,0,0
110561,2019-11-09,5,14,ST,TURF,GOOD TO FIRM,A,Class 3,1000,5658,1307,2089,2262,0,0,0,V364,H N Wong,C H Yip,116,13,,63,0,1176,-8,0.57.94,6,*1,12/4/5/2/3/9,8,3-6-8,3,6,8,0,0,0,1323,2097,2279,0,0,0,5699,1,1.5,2.5,0,0,0,28,"HK$ 1,450,000",2-1/2,34.0,56.0,7.9,11.0,0,0
110562,2019-11-09,6,1,ST,ALL WEATHER TRACK,GOOD,,Class 3,1650,9940,2845,2342,2368,2386,0,0,B260,K H Chan,K W Lui,127,8,H-/XB2/TT2,72,-1,1035,+5,1.39.76,5,2,6/13/5/4/1/5,6,1-2-1-6,1,2,1,6,0,0,2845,2342,2368,2429,0,0,9984,0.75,SH,1.25,2.75,0,0,13,"HK$ 1,450,000",2-3/4,24.0,14.0,5.6,3.9,0,0
110563,2019-11-09,6,2,ST,ALL WEATHER TRACK,GOOD,,Class 3,1650,9940,2845,2342,2368,2386,0,0,C192,K Teetan,F C Lor,132,4,CP/TT,77,0,1051,-16,,4,1,8/1/10/1/2/4,4,4-5-3-4,4,5,3,4,0,0,2873,2342,2360,2388,0,0,9963,1.75,1.75,1.25,1.25,0,0,13,"HK$ 1,450,000",1-1/4,16.0,11.0,4.3,2.8,0,0
110564,2019-11-09,6,3,ST,ALL WEATHER TRACK,GOOD,,Class 3,1650,9940,2845,2342,2368,2386,0,0,C057,Z Purton,A S Cruz,130,12,B/TT,75,0,1086,+12,,4,1,7/7/5/11/7,9,2-3-2-9,2,3,2,9,0,0,2857,2346,2372,2419,0,0,9994,0.75,1,1.25,3.25,0,0,20,"HK$ 1,450,000",3-1/4,18.0,19.0,4.3,4.5,0,0
110565,2019-11-09,6,4,ST,ALL WEATHER TRACK,GOOD,,Class 3,1650,9940,2845,2342,2368,2386,0,0,B161,B Shinn,T P Yung,128,2,H/XB/TT,73,+1,1125,-7,1.39.23,6,1,2/5/12/2/6/7,5,12-14-9-5,12,14,9,5,0,0,2925,2350,2336,2362,0,0,9972,5,5.5,3.5,2,0,0,13,"HK$ 1,450,000",2,8.2,11.0,2.4,2.3,0,0
110566,2019-11-09,6,5,ST,ALL WEATHER TRACK,GOOD,,Class 3,1650,9940,2845,2342,2368,2386,0,0,C211,L Hewitson,J Moore,127,13,XB/CP1,72,0,1053,-23,1.41.38,5,1,10/11/1/4/6/9,14,3-1-6-14,3,1,6,14,0,0,2869,2318,2404,2601,0,0,10192,1.5,SH,2.25,15.75,0,0,24,"HK$ 1,450,000",15-3/4,55.0,69.0,15.0,17.0,0,0
110567,2019-11-09,6,6,ST,ALL WEATHER TRACK,GOOD,,Class 3,1650,9940,2845,2342,2368,2386,0,0,B203,A Sanna,D J Whyte,125,6,XB/P1,70,0,1032,-2,1.38.98,5,1,11/6/1/6/7/5,10,8-11-13-10,8,11,13,10,0,0,2897,2354,2372,2390,0,0,10013,3.25,4,4.25,4.5,0,0,10,"HK$ 1,450,000",4-1/2,29.0,29.0,6.7,5.5,0,0
110568,2019-11-09,6,7,ST,ALL WEATHER TRACK,GOOD,,Class 3,1650,9940,2845,2342,2368,2386,0,0,B427,G van Niekerk,C S Shum,125,7,B/TT,70,0,1051,-2,1.39.45,4,1,5/1/8/10/5/8,7,13-13-14-7,13,13,14,7,0,0,2929,2346,2360,2353,0,0,9988,5.25,5.5,5,3,0,0,10,"HK$ 1,450,000",3,13.0,14.0,3.6,3.8,0,0
110569,2019-11-09,6,8,ST,ALL WEATHER TRACK,GOOD,,Class 3,1650,9940,2845,2342,2368,2386,0,0,B205,M Chadwick,P F Yiu,122,10,B/TT,67,-2,1113,-9,1.38.96,5,1,11/8/13/11/14,13,5-6-11-13,5,6,11,13,0,0,2877,2346,2396,2563,0,0,10182,2,2.25,4,15,0,0,17,"HK$ 1,450,000",15,41.0,51.0,10.0,12.0,0,0
110570,2019-11-09,6,9,ST,ALL WEATHER TRACK,GOOD,,Class 3,1650,9940,2845,2342,2368,2386,0,0,B317,H W Lai,Y S Tsui,120,9,,65,-2,1139,-4,1.38.59,6,1,9/13/5/2/5/5,1,11-12-10-1,11,12,10,1,0,0,2921,2346,2344,2330,0,0,9940,4.75,5,3.5,0.75,0,0,6,"HK$ 1,450,000",3/4,16.0,25.0,4.9,5.2,1,1
110571,2019-11-09,6,10,ST,ALL WEATHER TRACK,GOOD,,Class 3,1650,9940,2845,2342,2368,2386,0,0,C197,M L Yeung,C W Chang,120,1,SR-/XB1,65,-1,1154,+21,1.38.96,4,+1,5/3/5/7/4/9,8,7-9-7-8,7,9,7,8,0,0,2897,2350,2352,2390,0,0,9989,3.25,3.75,2.75,3,0,0,55,"HK$ 1,450,000",3,7.9,5.9,1.5,2.1,0,0
110572,2019-11-09,6,11,ST,ALL WEATHER TRACK,GOOD,,Class 3,1650,9940,2845,2342,2368,2386,0,0,V336,K C Leung,L Ho,118,11,H/V,63,0,1137,-12,1.38.71,7,1,12/1/10/10/6/3,12,10-4-5-12,10,4,5,12,0,0,2909,2306,2372,2509,0,0,10096,4,1.75,2,9.75,0,0,325,"HK$ 1,450,000",9-3/4,52.0,82.0,12.0,19.0,0,0
110573,2019-11-09,6,12,ST,ALL WEATHER TRACK,GOOD,,Class 3,1650,9940,2845,2342,2368,2386,0,0,A164,M F Poon,R Gibson,118,3,H/P/TT,63,+5,1034,+14,1.38.60,5,1,1/10/10/8/12/9,11,9-10-12-11,9,10,12,11,0,0,2909,2338,2372,2464,0,0,10083,4,3.75,4,8.75,0,0,17,"HK$ 1,450,000",8-3/4,25.0,34.0,6.5,6.4,0,0
110574,2019-11-09,6,13,ST,ALL WEATHER TRACK,GOOD,,Class 3,1650,9940,2845,2342,2368,2386,0,0,B023,J Moreira,K H Ting,117,5,H,62,0,1142,-2,1.38.89,6,+1,3/1/1/3/5/3,2,6-7-4-2,6,7,4,2,0,0,2881,2342,2364,2366,0,0,9953,2.25,2.25,2,0.75,0,0,34,"HK$ 1,450,000",3/4,2.0,1.9,1.3,1.2,0,1
110575,2019-11-09,6,14,ST,ALL WEATHER TRACK,GOOD,,Class 3,1650,9940,2845,2342,2368,2386,0,0,A193,A Badel,D E Ferraris,116,14,B,61,-1,1054,0,1.38.02,5,1,10/11/13/10/4/1,3,14-8-8-3,14,8,8,3,0,0,2933,2306,2364,2352,0,0,9954,5.5,3.25,3,0.75,0,0,13,"HK$ 1,450,000",3/4,33.0,53.0,8.6,10.0,0,1
110576,2019-11-09,7,1,ST,TURF,GOOD TO FIRM,A,Class 1,1400,7992,1343,2095,2248,2306,0,0,C061,J Moreira,J Size,133,6,,108,+6,1091,+12,1.22.71,4,,1/2/1/1/1/1,9,9-11-10-9,9,11,10,9,0,0,1399,2207,2220,2271,0,0,8097,3.5,10.5,8.75,6.5,0,0,160,"HK$ 2,800,000",6-1/2,2.1,2.2,1.2,1.2,0,0
110577,2019-11-09,7,2,ST,TURF,GOOD TO FIRM,A,Class 1,1400,7992,1343,2095,2248,2306,0,0,B105,N Callan,J Moore,132,9,B/XB,107,0,1251,+7,1.20.79,6,,6/7/7/1/2/8,2,3-3-3-2,3,3,3,2,0,0,1347,2143,2232,2298,0,0,8020,N,3.25,2.25,1.75,0,0,20,"HK$ 2,800,000",1-3/4,16.0,24.0,4.8,4.8,0,1
110578,2019-11-09,7,3,ST,TURF,GOOD TO FIRM,A,Class 1,1400,7992,1343,2095,2248,2306,0,0,V388,B Shinn,J Size,132,5,B,107,-1,1158,-14,1.20.70,6,,8/6/12/6/6/5,5,11-10-9-5,11,10,9,5,0,0,1403,2195,2212,2236,0,0,8046,3.75,10,7.75,3.5,0,0,20,"HK$ 2,800,000",3-1/2,27.0,36.0,5.2,7.0,0,0
110579,2019-11-09,7,4,ST,TURF,GOOD TO FIRM,A,Class 1,1400,7992,1343,2095,2248,2306,0,0,A367,K Teetan,J Size,132,7,B,107,+3,1085,+26,1.21.29,6,,2/2/4/2/1/3,10,12-12-12-10,12,12,12,10,0,0,1411,2203,2240,2251,0,0,8105,4.25,11,10.5,7,0,0,118,"HK$ 2,800,000",7,14.0,21.0,3.9,4.1,0,0
110580,2019-11-09,7,5,ST,TURF,GOOD TO FIRM,A,Class 1,1400,7992,1343,2095,2248,2306,0,0,B109,K H Chan,J Moore,127,1,B/TT,102,+2,1049,+3,1.20.48,6,,2/6/9/3/1/1,1,2-2-1-1,2,2,1,1,0,0,1343,2099,2244,2306,0,0,7992,SH,N,1,1.75,0,0,20,"HK$ 2,800,000",1-3/4,8.1,6.3,1.6,1.9,1,1
110581,2019-11-09,7,6,ST,TURF,GOOD TO FIRM,A,Class 1,1400,7992,1343,2095,2248,2306,0,0,B328,C Y Ho,F C Lor,127,11,XB,102,0,1059,-6,1.21.16,4,,12/1/3/1/2/2,13,10-9-11-13,10,9,11,13,0,0,1403,2191,2240,2303,0,0,8137,3.75,9.75,9.25,9,0,0,20,"HK$ 2,800,000",9,14.0,12.0,4.6,3.8,0,0
110582,2019-11-09,7,7,ST,TURF,GOOD TO FIRM,A,Class 1,1400,7992,1343,2095,2248,2306,0,0,A377,A Badel,J Size,127,4,,102,-2,1004,-7,1.23.33,5,,7/4/8/3/2/3,6,5-4-4-6,5,4,4,6,0,0,1363,2155,2228,2303,0,0,8049,1.25,5,3.75,3.5,0,0,20,"HK$ 2,800,000",3-1/2,39.0,60.0,9.1,11.0,0,0
110583,2019-11-09,7,8,ST,TURF,GOOD TO FIRM,A,Class 1,1400,7992,1343,2095,2248,2306,0,0,B355,A Sanna,J Size,126,10,TT1,101,0,1020,-14,,4,,6/1/8/7/9/1,11,13-13-13-11,13,13,13,11,0,0,1427,2203,2228,2250,0,0,8108,5.25,12,10.75,7.25,0,0,160,"HK$ 2,800,000",7-1/4,25.0,36.0,7.2,7.2,0,0
110584,2019-11-09,7,9,ST,TURF,GOOD TO FIRM,A,Class 1,1400,7992,1343,2095,2248,2306,0,0,A165,Z Purton,D J Hall,121,3,H,96,0,1142,+5,1.20.91,6,,4/2/1/2/3/6,3,7-8-8-3,7,8,8,3,0,0,1387,2199,2224,2214,0,0,8023,2.75,9.25,7.75,2,0,0,34,"HK$ 2,800,000",2,5.4,4.0,2.0,1.5,0,1
110585,2019-11-09,7,10,ST,TURF,GOOD TO FIRM,A,Class 1,1400,7992,1343,2095,2248,2306,0,0,T400,U Rispoli,Y S Tsui,118,2,B2/TT,93,-2,1106,-3,1.21.72,8,,9/10/10/6/2/5,4,6-7-7-4,6,7,7,4,0,0,1375,2199,2220,2248,0,0,8042,2,8.5,6.75,3,0,0,28,"HK$ 2,800,000",3,29.0,46.0,6.8,9.5,0,0
110586,2019-11-09,7,11,ST,TURF,GOOD TO FIRM,A,Class 1,1400,7992,1343,2095,2248,2306,0,0,B244,G van Niekerk,J Moore,115,8,XB,88,0,1225,0,1.21.23,5,,7/2/7/1/3/1,7,8-6-6-7,8,6,6,7,0,0,1391,2167,2228,2271,0,0,8057,3,7.5,6.25,4,0,0,20,"HK$ 2,800,000",4,20.0,18.0,5.0,3.6,0,0
110587,2019-11-09,7,12,ST,TURF,GOOD TO FIRM,A,Class 1,1400,7992,1343,2095,2248,2306,0,0,B253,M L Yeung,A S Cruz,113,13,B/TT,88,0,1080,-8,,5,,5/3/1/1/1/3,12,1-1-2-12,1,1,2,12,0,0,1343,2095,2264,2410,0,0,8112,SH,N,1,7.5,0,0,17,"HK$ 2,800,000",7-1/2,60.0,94.0,12.0,17.0,0,0
110588,2019-11-09,7,13,ST,TURF,GOOD TO FIRM,A,Class 1,1400,7992,1343,2095,2248,2306,0,0,B409,M Chadwick,A S Cruz,113,12,CP/TT,85,0,1270,-11,1.21.45,5,,11/2/3/8/4/4,8,4-5-5-8,4,5,5,8,0,0,1359,2175,2236,2309,0,0,8079,1,6,5.25,5.5,0,0,34,"HK$ 2,800,000",5-1/2,36.0,49.0,8.9,8.1,0,0
110589,2019-11-09,8,1,ST,TURF,GOOD TO FIRM,A,Class 4,1600,9447,2451,2346,2374,2276,0,0,C360,A Badel,A S Cruz,133,10,CP/TT,60,+2,1132,+8,1.36.45,5,1,2/3/7/1/12/4,7,11-11-11-7,11,11,11,7,0,0,2555,2342,2358,2252,0,0,9507,6.5,6.25,5.25,3.75,0,0,20,"HK$ 967,000",3-3/4,8.8,9.6,3.1,2.5,0,0
110590,2019-11-09,8,2,ST,TURF,GOOD TO FIRM,A,Class 4,1600,9447,2451,2346,2374,2276,0,0,A135,H N Wong,Y S Tsui,132,6,,59,-2,1057,-11,1.41.03,7,+1,10/10/11/10/9/6,8,12-12-14-8,12,12,14,8,0,0,2563,2342,2378,2233,0,0,9515,7,6.75,7,4.25,0,0,10,"HK$ 967,000",4-1/4,58.0,99.0,13.0,23.0,0,0
110591,2019-11-09,8,3,ST,TURF,GOOD TO FIRM,A,Class 4,1600,9447,2451,2346,2374,2276,0,0,C249,M F Poon,K H Ting,131,13,CP/TT,58,+6,1206,+3,,4,1,1/11/4,5,1-1-1-5,1,1,1,5,0,0,2451,2346,2374,2305,0,0,9476,1.5,0.75,0.5,1.75,0,0,28,"HK$ 967,000",1-3/4,13.0,10.0,3.8,3.2,0,0
110592,2019-11-09,8,4,ST,TURF,GOOD TO FIRM,A,Class 4,1600,9447,2451,2346,2374,2276,0,0,B362,B Shinn,L Ho,127,9,H-/XB,54,-1,1104,+13,,5,+1,6/3/7/6/2/7,13,9-9-9-13,9,9,9,13,0,0,2543,2334,2366,2332,0,0,9575,5.75,5,4.5,8,0,0,20,"HK$ 967,000",8,13.0,15.0,4.4,4.2,0,0
110593,2019-11-09,8,5,ST,TURF,GOOD TO FIRM,A,Class 4,1600,9447,2451,2346,2374,2276,0,0,B366,K Teetan,C Fownes,127,3,XB-/V1/TT1,54,-1,1016,-22,,5,*1,11/12/3/2/3/7,6,10-10-6-6,10,10,6,6,0,0,2547,2338,2338,2271,0,0,9494,6,5.5,3.25,3,0,0,31,"HK$ 967,000",3,13.0,22.0,3.9,5.8,0,0
110594,2019-11-09,8,6,ST,TURF,GOOD TO FIRM,A,Class 4,1600,9447,2451,2346,2374,2276,0,0,C450,Z Purton,D E Ferraris,125,12,,52,+2,1042,+2,1.34.42,4,+1,2/2/6/7/5/5,1,2-2-2-1,2,2,2,1,0,0,2475,2334,2370,2268,0,0,9447,1.5,0.75,0.5,1.25,0,0,20,"HK$ 967,000",1-1/4,2.8,2.5,1.6,1.3,1,1
110595,2019-11-09,8,7,ST,TURF,GOOD TO FIRM,A,Class 4,1600,9447,2451,2346,2374,2276,0,0,C394,M Chadwick,P F Yiu,125,5,XB,52,0,1063,+6,,4,1,4/11,3,4-3-3-3,4,3,3,3,0,0,2491,2334,2374,2271,0,0,9470,2.5,1.75,1.75,1.5,0,0,34,"HK$ 967,000",1-1/2,15.0,17.0,4.7,4.4,0,1
110596,2019-11-09,8,8,ST,TURF,GOOD TO FIRM,A,Class 4,1600,9447,2451,2346,2374,2276,0,0,C090,J Moreira,J Size,125,11,B,52,0,993,-11,,4,1,6,12,7-7-7-12,7,7,7,12,0,0,2519,2338,2378,2322,0,0,9557,4.25,3.75,4,6.75,0,0,28,"HK$ 967,000",6-3/4,13.0,10.0,4.3,2.9,0,0
110597,2019-11-09,8,9,ST,TURF,GOOD TO FIRM,A,Class 4,1600,9447,2451,2346,2374,2276,0,0,C362,N Callan,C H Yip,123,2,,50,-2,1018,-6,,4,1,10/14,14,8-8-13-14,8,8,13,14,0,0,2523,2354,2406,2402,0,0,9685,4.5,5,7,14.75,0,0,17,"HK$ 967,000",14-3/4,79.0,99.0,16.0,28.0,0,0
110598,2019-11-09,8,10,ST,TURF,GOOD TO FIRM,A,Class 4,1600,9447,2451,2346,2374,2276,0,0,C310,L Hewitson,P O'Sullivan,120,8,,47,-2,1239,+8,,4,1,10/7/12,9,5-6-8-9,5,6,8,9,0,0,2499,2358,2382,2286,0,0,9525,3,3.75,4.25,4.75,0,0,20,"HK$ 967,000",4-3/4,86.0,99.0,22.0,30.0,0,0
110599,2019-11-09,8,11,ST,TURF,GOOD TO FIRM,A,Class 4,1600,9447,2451,2346,2374,2276,0,0,T412,A Sanna,T P Yung,120,4,TT,47,-2,1177,0,1.35.75,7,1,8/13/11/2/10/5,11,14-14-12-11,14,14,12,11,0,0,2591,2326,2366,2273,0,0,9556,8.75,7.5,7,6.75,0,0,17,"HK$ 967,000",6-3/4,31.0,53.0,7.6,10.0,0,0
110600,2019-11-09,8,12,ST,TURF,GOOD TO FIRM,A,Class 4,1600,9447,2451,2346,2374,2276,0,0,B455,K C Leung,W Y So,118,7,,45,-3,954,-2,,4,1,12/11/13/4/12/9,10,13-13-10-10,13,13,10,10,0,0,2571,2338,2346,2285,0,0,9540,7.5,7,5.25,5.75,0,0,24,"HK$ 967,000",5-3/4,99.0,99.0,22.0,29.0,0,0
110601,2019-11-09,8,13,ST,TURF,GOOD TO FIRM,A,Class 4,1600,9447,2451,2346,2374,2276,0,0,C096,G van Niekerk,C S Shum,116,14,CP-/B1/H2,43,0,1049,-1,1.34.64,4,+1,5/8/3/5/5/2,4,3-4-4-4,3,4,4,4,0,0,2491,2346,2374,2263,0,0,9474,2.5,2.5,2.5,1.75,0,0,20,"HK$ 967,000",1-3/4,7.2,5.3,1.4,1.8,0,0
110602,2019-11-09,8,14,ST,TURF,GOOD TO FIRM,A,Class 4,1600,9447,2451,2346,2374,2276,0,0,B314,C Y Ho,J Moore,116,1,B/TT,42,+2,1083,+3,1.34.47,4,1,4/3/3/6/11/11,2,6-5-5-2,6,5,5,2,0,0,2519,2334,2366,2246,0,0,9465,4.25,3.5,3,1.25,0,0,20,"HK$ 967,000",1-1/4,6.0,7.5,2.2,2.3,0,1
110603,2019-11-09,9,1,ST,TURF,GOOD TO FIRM,A,Class 3,2000,12049,2534,2376,2452,2356,2331,0,A098,U Rispoli,Y S Tsui,133,2,,80,-2,1100,0,2.00.49,7,1,8/6/4/6/6/4,6,9-8-7-8-6,9,8,7,8,6,0,2614,2412,2420,2328,2323,0,12097,5,7.25,5.25,3.5,3,0,34,"HK$ 1,450,000",3,7.0,11.0,2.6,3.8,0,0
110604,2019-11-09,9,2,ST,TURF,GOOD TO FIRM,A,Class 3,2000,12049,2534,2376,2452,2356,2331,0,C120,B Shinn,A T Millard,131,7,XB,78,0,1133,-14,2.02.09,4,+1,9/3/2/9/5/13,2,10-10-10-9-2,10,10,10,9,2,0,2634,2412,2420,2316,2283,0,12065,6.25,8.5,6.5,4,1.25,0,28,"HK$ 1,450,000",1-1/4,7.7,9.4,2.6,2.9,0,1
110605,2019-11-09,9,3,ST,TURF,GOOD TO FIRM,A,Class 3,2000,12049,2534,2376,2452,2356,2331,0,B189,K Teetan,A S Cruz,130,12,B/TT,77,+6,1176,-4,2.02.82,5,1,1/3/1/3/4/6,5,14-13-13-13-5,14,13,13,13,5,0,2698,2396,2420,2296,2284,0,12094,10.25,11.5,9.5,5.75,2.75,0,39,"HK$ 1,450,000",2-3/4,5.5,5.5,1.9,2.0,0,0
110606,2019-11-09,9,4,ST,TURF,GOOD TO FIRM,A,Class 3,2000,12049,2534,2376,2452,2356,2331,0,B478,C Y Ho,C S Shum,129,11,SR-/H1,76,-2,1054,+15,2.01.50,4,1,8/11/6/11/7/11,10,6-6-3-4-10,6,6,3,4,10,0,2586,2424,2380,2364,2404,0,12158,3.25,6.25,1.75,2.25,6.75,0,39,"HK$ 1,450,000",6-3/4,11.0,14.0,4.5,4.1,0,0
110607,2019-11-09,9,5,ST,TURF,GOOD TO FIRM,A,Class 3,2000,12049,2534,2376,2452,2356,2331,0,C084,G van Niekerk,J Moore,123,9,CP/TT,70,-2,1125,-8,2.03.27,5,1,11/6/9/3/2/6,3,2-2-2-1-3,2,2,2,1,3,0,2542,2392,2440,2344,2364,0,12082,0.5,1.5,0.75,N,2.25,0,10,"HK$ 1,450,000",2-1/4,9.8,6.4,3.3,3.3,0,1
110608,2019-11-09,9,6,ST,TURF,GOOD TO FIRM,A,Class 3,2000,12049,2534,2376,2452,2356,2331,0,B137,H W Lai,C S Shum,122,6,B/TT,69,0,1127,+2,2.03.30,5,2,4/1/1/3/4/3,7,11-11-11-10-7,11,11,11,10,7,0,2642,2412,2416,2320,2327,0,12117,6.75,9,6.75,4.5,4.25,0,10,"HK$ 1,450,000",4-1/4,17.0,23.0,5.0,5.9,0,0
110609,2019-11-09,9,7,ST,TURF,GOOD TO FIRM,A,Class 3,2000,12049,2534,2376,2452,2356,2331,0,C510,N Callan,C W Chang,122,10,B,69,-2,1072,-4,,4,1,9/11,12,3-3-4-3-12,3,3,4,3,12,0,2562,2396,2444,2348,2455,0,12204,1.75,3,2.5,2,9.75,0,13,"HK$ 1,450,000",9-3/4,99.0,99.0,18.0,27.0,0,0
110610,2019-11-09,9,8,ST,TURF,GOOD TO FIRM,A,Class 3,2000,12049,2534,2376,2452,2356,2331,0,C029,Z Purton,C H Yip,125,4,,72,-2,1050,+1,,5,2,7/7/5/8/1/8,1,7-7-8-6-1,7,7,8,6,1,0,2606,2412,2432,2312,2287,0,12049,4.5,6.75,5.5,2.75,1.25,0,10,"HK$ 1,450,000",1-1/4,9.8,5.6,3.9,2.1,1,1
110611,2019-11-09,9,9,ST,TURF,GOOD TO FIRM,A,Class 3,2000,12049,2534,2376,2452,2356,2331,0,C183,A Badel,K H Ting,121,5,CP/TT,68,0,1076,-4,2.03.75,5,1,5/2/5/4/10/5,8,8-9-9-11-8,8,9,9,11,8,0,2610,2420,2436,2324,2336,0,12126,4.75,7.5,6.5,4.5,4.75,0,39,"HK$ 1,450,000",4-3/4,5.8,6.7,2.1,2.0,0,0
110612,2019-11-09,9,10,ST,TURF,GOOD TO FIRM,A,Class 3,2000,12049,2534,2376,2452,2356,2331,0,T146,M F Poon,A S Cruz,119,3,B/H/TT,66,-2,1100,+6,2.01.80,8,2,12/7/10/7/8/12,14,1-1-1-2-14,1,1,1,2,14,0,2534,2376,2452,2360,2555,0,12277,0.5,1.5,0.75,N,14.25,0,10,"HK$ 1,450,000",14-1/4,25.0,29.0,8.1,9.6,0,0
110613,2019-11-09,9,11,ST,TURF,GOOD TO FIRM,A,Class 3,2000,12049,2534,2376,2452,2356,2331,0,A172,K C Leung,P O'Sullivan,118,1,,65,-2,1056,-3,2.01.83,7,1,8/3/11/6/9/9,9,5-5-5-5-9,5,5,5,5,9,0,2578,2416,2424,2340,2392,0,12150,2.75,5.25,3.5,2.5,6.25,0,10,"HK$ 1,450,000",6-1/4,29.0,24.0,7.1,7.1,0,0
110614,2019-11-09,9,12,ST,TURF,GOOD TO FIRM,A,Class 3,2000,12049,2534,2376,2452,2356,2331,0,V378,J Moreira,C H Yip,117,8,V,64,+1,1184,+16,2.04.69,7,1,2/1/1/3/3/2,11,4-4-6-7-11,4,4,6,7,11,0,2566,2420,2436,2348,2427,0,12197,2,4.75,3.75,3.25,9.25,0,24,"HK$ 1,450,000",9-1/4,11.0,12.0,3.3,3.5,0,0
110615,2019-11-09,9,13,ST,TURF,GOOD TO FIRM,A,Class 3,2000,12049,2534,2376,2452,2356,2331,0,C159,M Chadwick,C Fownes,117,13,,64,0,1104,-12,2.04.07,5,1,3/10/6/7/1/5,4,12-12-12-12-4,12,12,12,12,4,0,2666,2408,2420,2308,2286,0,12088,8.25,10.25,8.25,5.25,2.5,0,6,"HK$ 1,450,000",2-1/2,22.0,16.0,5.7,4.9,0,0
110616,2019-11-09,9,14,ST,TURF,GOOD TO FIRM,A,Class 3,2000,12049,2534,2376,2452,2356,2331,0,B299,A Sanna,F C Lor,117,14,CP,62,-1,1135,+13,,4,1,4/7/4/8/6/1,13,13-14-14-14-13,13,14,14,14,13,0,2698,2400,2436,2336,2381,0,12250,10.25,11.75,10.75,9.5,12.5,0,13,"HK$ 1,450,000",12-1/2,32.0,40.0,8.2,10.0,0,0
110617,2019-11-09,10,1,ST,TURF,GOOD TO FIRM,A,Class 3,1400,8136,1328,2159,2352,2297,0,0,C496,A Badel,D E Ferraris,133,7,TT1,80,0,1021,+6,,5,+1,11,13,11-12-13-13,11,12,13,13,0,0,1408,2199,2324,2403,0,0,8334,5,7.5,5.75,12.25,0,0,39,"HK$ 1,450,000",12-1/4,99.0,99.0,16.0,27.0,0,0
110618,2019-11-09,10,2,ST,TURF,GOOD TO FIRM,A,Class 3,1400,8136,1328,2159,2352,2297,0,0,A127,M Chadwick,P O'Sullivan,132,9,B-/BO1,79,-1,1154,-24,1.21.86,6,+1,7/3/7/1/8/8,9,14-14-11-9,14,14,11,9,0,0,1444,2183,2272,2291,0,0,8190,7.25,8.75,3.75,3.25,0,0,28,"HK$ 1,450,000",3-1/4,23.0,22.0,7.2,7.2,0,0
110619,2019-11-09,10,3,ST,TURF,GOOD TO FIRM,A,Class 3,1400,8136,1328,2159,2352,2297,0,0,B380,J Moreira,A T Millard,131,14,,78,+6,1075,+20,1.21.32,5,+1,1/3/1/1/3/5,3,13-11-12-3,13,11,12,3,0,0,1424,2167,2324,2243,0,0,8158,6,6.5,4.75,1.5,0,0,39,"HK$ 1,450,000",1-1/2,4.5,5.2,2.2,2.1,0,1
110620,2019-11-09,10,4,ST,TURF,GOOD TO FIRM,A,Class 3,1400,8136,1328,2159,2352,2297,0,0,A354,G van Niekerk,P F Yiu,126,3,B,73,+2,1228,+15,1.21.49,5,+1,2/3/11/4/4/3,11,7-6-6-11,7,6,6,11,0,0,1376,2167,2336,2342,0,0,8221,3,3.5,2.5,5.25,0,0,28,"HK$ 1,450,000",5-1/4,5.4,5.9,1.6,1.9,0,0
110621,2019-11-09,10,5,ST,TURF,GOOD TO FIRM,A,Class 3,1400,8136,1328,2159,2352,2297,0,0,C041,B Shinn,C S Shum,126,10,B,73,+5,1248,+10,1.21.41,4,1,1/4/4/2/2/1,7,2-3-3-7,2,3,3,7,0,0,1352,2163,2344,2323,0,0,8182,1.5,1.75,1.25,3,0,0,28,"HK$ 1,450,000",3,12.0,8.7,4.8,2.7,0,0
110622,2019-11-09,10,6,ST,TURF,GOOD TO FIRM,A,Class 3,1400,8136,1328,2159,2352,2297,0,0,D059,K Teetan,D J Whyte,123,2,XB,70,0,1057,-11,,4,+1,14,10,9-9-9-10,9,9,9,10,0,0,1400,2167,2328,2323,0,0,8218,4.5,5,3.5,5.25,0,0,20,"HK$ 1,450,000",5-1/4,67.0,96.0,16.0,22.0,0,0
110623,2019-11-09,10,7,ST,TURF,GOOD TO FIRM,A,Class 3,1400,8136,1328,2159,2352,2297,0,0,B227,M L Yeung,T P Yung,121,12,B,68,0,1084,+4,1.21.60,5,+1,10/3/3/5/5/1,8,1-2-1-8,1,2,1,8,0,0,1328,2175,2336,2344,0,0,8183,1.5,1,0.5,3,0,0,20,"HK$ 1,450,000",3,19.0,19.0,5.5,6.1,0,0
110624,2019-11-09,10,8,ST,TURF,GOOD TO FIRM,A,Class 3,1400,8136,1328,2159,2352,2297,0,0,B383,K H Chan,A S Cruz,120,4,B/TT,67,0,1098,+1,1.21.04,5,1,3/4/1/14/2/3,6,3-4-4-6,3,4,4,6,0,0,1352,2171,2340,2309,0,0,8172,1.5,2.25,1.5,2.25,0,0,20,"HK$ 1,450,000",2-1/4,8.7,6.7,2.5,2.5,0,0
110625,2019-11-09,10,9,ST,TURF,GOOD TO FIRM,A,Class 3,1400,8136,1328,2159,2352,2297,0,0,C225,Z Purton,F C Lor,119,6,XB/TT1,66,0,1150,+4,1.21.18,4,+1,4/2/1/1,4,8-8-8-4,8,8,8,4,0,0,1392,2171,2328,2274,0,0,8165,4,4.75,3.25,1.75,0,0,20,"HK$ 1,450,000",1-3/4,5.5,6.1,2.5,2.2,0,0
110626,2019-11-09,10,10,ST,TURF,GOOD TO FIRM,A,Class 3,1400,8136,1328,2159,2352,2297,0,0,B391,K C Leung,W Y So,119,5,,66,0,1048,-10,1.22.67,5,+1,4/1/5/2/1,1,6-5-5-1,6,5,5,1,0,0,1372,2167,2336,2261,0,0,8136,2.75,3.25,2.25,N,0,0,34,"HK$ 1,450,000",N,10.0,11.0,3.0,3.2,1,1
110627,2019-11-09,10,11,ST,TURF,GOOD TO FIRM,A,Class 3,1400,8136,1328,2159,2352,2297,0,0,B271,L Hewitson,J Moore,119,11,B/TT,66,0,1026,-13,1.22.06,6,+1,4/1/1/3/10/4,2,12-10-10-2,12,10,10,2,0,0,1412,2167,2316,2245,0,0,8140,5.25,5.75,3.5,N,0,0,20,"HK$ 1,450,000",N,11.0,13.0,3.2,3.7,0,1
110628,2019-11-09,10,12,ST,TURF,GOOD TO FIRM,A,Class 3,1400,8136,1328,2159,2352,2297,0,0,B430,C Y Ho,K H Ting,118,8,B/H,65,+1,1097,-1,1.21.52,5,+1,3/9/5/8/4/7,12,5-7-7-12,5,7,7,12,0,0,1372,2187,2332,2409,0,0,8300,2.75,4.5,3.25,10.25,0,0,28,"HK$ 1,450,000",10-1/4,14.0,9.5,4.2,3.2,0,0
110629,2019-11-09,10,13,ST,TURF,GOOD TO FIRM,A,Class 3,1400,8136,1328,2159,2352,2297,0,0,T380,A Sanna,Y S Tsui,117,1,,64,0,1018,+1,1.21.32,8,*1,5/2/3/1/7/8,5,10-13-14-5,10,13,14,5,0,0,1408,2215,2320,2224,0,0,8167,5,8.5,6.5,2,0,0,20,"HK$ 1,450,000",2,16.0,23.0,4.6,6.3,0,0
110630,2019-11-09,10,14,ST,TURF,GOOD TO FIRM,A,Class 3,1400,8136,1328,2159,2352,2297,0,0,T254,H N Wong,C W Chang,113,13,CP,61,-2,1320,+6,,8,*1,7/9/8/9/8/7,14,4-1-2-14,4,1,2,14,0,0,1356,2131,2360,2535,0,0,8382,1.75,1,0.5,15.25,0,0,28,"HK$ 1,450,000",15-1/4,99.0,99.0,25.0,42.0,0,0
